profileUrl,fullName,firstName,lastName,companyName,title,companyId,companyUrl,regularCompanyUrl,summary,titleDescription,industry,companyLocation,location,durationInRole,durationInCompany,pastExperienceCompanyName,pastExperienceCompanyUrl,pastExperienceCompanyTitle,pastExperienceDate,pastExperienceDuration,connectionDegree,profileImageUrl,sharedConnectionsCount,name,vmid,linkedInProfileUrl,isPremium,isOpenLink,query,timestamp,defaultProfileUrl,searchAccountProfileId,searchAccountProfileName
"https://www.linkedin.com/sales/lead/ACwAAAMaKjMBvfpHv4piBH_k_Mz69H27G0qTt1k,NAME_SEARCH,MM5l",Philipp Muehlbauer,Philipp,Muehlbauer,The Customization Group,Co-Founder | Co-CEO,1482804,https://www.linkedin.com/sales/company/1482804,https://www.linkedin.com/company/1482804,"As the co-founder and co-CEO of The Customization Group, I have been leading the global market for customizable wall and home decoration for over 20 years. With our tech-driven customization, we create excellent customer experience within our own D2C online shops and meet the versatile demands of our B2B and API partners. Our five factories in the USA, Germany, Poland, and Latvia manufacture up to more tha 2,500,000 products daily, each one individually tailored to the specifications of our customers.I am also a board member of Picanova Group, a world market leader in white label solutions and print-on-demand for photo gifts, wall decor, and home products. Picanova delivers to 170+ countries and has over 1000 employees on three continents. We are committed to producing quality products and being at the vanguard of technical solutions for businesses founded on the print-on-demand model. ","The Customization Group is a global market leader for customizable wall and home decoration.
In our 5 factories in USA, Germany, Poland and Latvia we manufacture up to 500.000 products daily, each one individually tailored to the specifications of our customers. 
Our know-how in tech-driven customization allows us to create excellent customer experience within our own D2C online shops and to meet the versatile demands of our B2B and API partners.",Printing Services,"Cologne, North Rhine-Westphalia, Germany","Cologne, North Rhine-Westphalia, Germany",22 years 2 months in role,22 years 2 months in company,,,,,,1st,https://media.licdn.com/dms/image/v2/D4E03AQFaxMZq7ju2Ew/profile-displayphoto-crop_800_800/B4EZq2YBL5HoAM-/0/1763996344103?e=1790208000&v=beta&t=hGhsnWztr1mhwLl2N_Hg92-G3wAw-ncSnmW0mNqnZZ0,83,Philipp Muehlbauer,ACwAAAMaKjMBvfpHv4piBH_k_Mz69H27G0qTt1k,https://www.linkedin.com/in/ACwAAAMaKjMBvfpHv4piBH_k_Mz69H27G0qTt1k/,TRUE,FALSE,https://www.linkedin.com/sales/search/people?query=(spellCorrectionEnabled%3Atrue%2CrecentSearchParam%3A(id%3A5872058290%2CdoLogHistory%3Atrue)%2Cfilters%3AList((type%3ARELATIONSHIP%2Cvalues%3AList((id%3AF%2Ctext%3A1st%2520degree%2520connections%2CselectionType%3AINCLUDED)))%2C(type%3AREGION%2Cvalues%3AList((id%3A102890719%2Ctext%3ANetherlands%2CselectionType%3AINCLUDED)%2C(id%3A101282230%2Ctext%3AGermany%2CselectionType%3AINCLUDED)%2C(id%3A106057199%2Ctext%3ABrazil%2CselectionType%3AINCLUDED)%2C(id%3A100364837%2Ctext%3APortugal%2CselectionType%3AINCLUDED)%2C(id%3A105646813%2Ctext%3ASpain%2CselectionType%3AINCLUDED)))%2C(type%3ASENIORITY_LEVEL%2Cvalues%3AList((id%3A310%2Ctext%3ACXO%2CselectionType%3AINCLUDED)%2C(id%3A320%2Ctext%3AOwner%2520%252F%2520Partner%2CselectionType%3AINCLUDED)%2C(id%3A300%2Ctext%3AVice%2520President%2CselectionType%3AINCLUDED)))%2C(type%3ACOMPANY_HEADCOUNT%2Cvalues%3AList((id%3AE%2Ctext%3A201-500%2CselectionType%3AINCLUDED)%2C(id%3AF%2Ctext%3A501-1000%2CselectionType%3AINCLUDED))))%2Ckeywords%3Afounder%2520OR%2520co-founder%2520OR%2520CEO%2520OR%2520chief%2520executive%2520officer%2520OR%2520owner%2520OR%2520managing%2520partner%2520OR%2520managing%2520director%2520OR%2520president%2520OR%2520group%2520CEO%2520OR%2520chief%2520operating%2520officer%2520OR%2520COO%2520OR%2520VP%2520operations%2520OR%2520operations%2520director%2520OR%2520operating%2520partner%2520OR%2520transformation%2520director%2520OR%2520VP%2520strategy%2520AND%2520%2522private%2520equity%2522%2520OR%2520%2522value%2520creation%2522%2520OR%2520P%2526L%2520OR%2520%2522multi-site%2522%2520OR%2520manufacturing%2520OR%2520%2522lean%2520six%2520sigma%2522%2520OR%2520turnaround%2520OR%2520%2522digital%2520transformation%2522)&sessionId=wjxQPTsFRC%2BOqJb1ihmyGg%3D%3D&viewAllFilters=true,2026-09-06T17:07:38.682Z,https://linkedin.com/in/muehlbauer,573350508,Joey Moreau
"https://www.linkedin.com/sales/lead/ACwAAANz030Bg9_VWvsOW0mpn22Wpl4EwR_kILA,NAME_SEARCH,Kl9B",Sven Krueger,Sven,Krueger,PSI Software,Senior Vice President Marketing & Communication (ad interim),2876041,https://www.linkedin.com/sales/company/2876041,https://www.linkedin.com/company/2876041,"""IF YOU KNOW HOW TO LISTEN, EVERYONE IS THE GURU."" Ram DassGewinner haben Coaches. Bist Du bereit für ein Gespräch?Executive Coaching, Beratung und ergebnisorientiertes Sparring für Führungskräfte und ihre Teams.25 Jahre Erfahrung als- mehrfacher Gründer &amp; Unternehmer- C-Level-Manager in Konzernen- Autor &amp; Vortragsredner- zertifizierter systemischer Business-Coach- zertifizierter Mediator, Schwerpunkt Wirtschaftsmediation- Experte für Marken &amp; Marketing, Digital Business, KI und FührungDiese 20er Jahre sind alles andere als langweilig. Fast alles scheint möglich. Warum sollten Sie also immer das Gleiche tun? Die digitale Transformation ist eine Transformation der Menschen. Es geht um Ideen, Inhalte und Träume. Technologie und Kommunikation verändern Organisationen, doch Führung bleibt zentral.In dieser Schnittmenge arbeite ich mit erfolgreichen Führungskräften und Organisationen und mit einem Fokus auf Künstliche Intelligenz seit 1999.Aktuelle Themen:- Coaching von Frauen in Führungspositionen zum nächsten Karriereschritt- Coaching &amp; Beratung für Führungskräfte und Teams in Veränderungsphasen- Strategien und Maßnahmen zur KI-Einführung in Unternehmen - Interim Marken-/Marketingmanagement und Kommunikationsberatung- Konfliktlösung durch Mediation: Win-Win statt NullsummenspielSTELLEN SIE SICH VOR, WAS SIE ERREICHEN KÖNNEN.++++++++++++Winners have coaches. Let´s talk.For business leaders and their teams I offer professional coaching, consulting and sparring for results. 25 years of experience as- multiple founder &amp; entrepreneur- c-level manager in corporate organizations- author &amp; public speaker- certified systemic coach- expert for brand &amp; marketing, digital business, AI and leadershipThese 20s are anything but boring. Almost anything seems possible. Why should you always do the same thing? Digital transformation is a transformation of people. It's about ideas, concepts, and dreams. Technology and communication are changing organizations, but leadership remains crucial.At this intersection, I have been working with successful leaders and organizations with a focus on AI since 1999.Recent projects:- Coaching program for women in leadership positions to make their next career move- Coaching + consulting for executives and teams in phases of change- Development of strategies and measures for the introduction of AI in companies- Interim brand management, marketing + communications consulting- Conflict resolution through mediation: win-win vs zero-sum gameIMAGINE, WHAT YOU COULD ACHIEVE.","Interim leadership of PSI’s global Marketing & Communications organization.

Responsible for strategic positioning, brand development and demand generation across PSI’s core industries.

Supporting the company’s transformation towards scalable software platforms, cloud-based solutions and Industrial AI.",Software Development,"Berlin, Berlin, Germany","Berlin, Berlin, Germany",8 months in role,8 months in company,Connected Leadership GmbH,https://www.linkedin.com/company/18008355,Managing Partner,11/2019-11/2022,3 years,1st,https://media.licdn.com/dms/image/v2/C4D03AQF_RzuogRsQHw/profile-displayphoto-shrink_800_800/profile-displayphoto-shrink_800_800/0/1516629282224?e=1790208000&v=beta&t=oQ17DG4qrCPDDdfy6_M1VZDNlRgicmc7L7mQWsILrZs,30,Sven Krueger,ACwAAANz030Bg9_VWvsOW0mpn22Wpl4EwR_kILA,https://www.linkedin.com/in/ACwAAANz030Bg9_VWvsOW0mpn22Wpl4EwR_kILA/,TRUE,FALSE,https://www.linkedin.com/sales/search/people?query=(spellCorrectionEnabled%3Atrue%2CrecentSearchParam%3A(id%3A5872058290%2CdoLogHistory%3Atrue)%2Cfilters%3AList((type%3ARELATIONSHIP%2Cvalues%3AList((id%3AF%2Ctext%3A1st%2520degree%2520connections%2CselectionType%3AINCLUDED)))%2C(type%3AREGION%2Cvalues%3AList((id%3A102890719%2Ctext%3ANetherlands%2CselectionType%3AINCLUDED)%2C(id%3A101282230%2Ctext%3AGermany%2CselectionType%3AINCLUDED)%2C(id%3A106057199%2Ctext%3ABrazil%2CselectionType%3AINCLUDED)%2C(id%3A100364837%2Ctext%3APortugal%2CselectionType%3AINCLUDED)%2C(id%3A105646813%2Ctext%3ASpain%2CselectionType%3AINCLUDED)))%2C(type%3ASENIORITY_LEVEL%2Cvalues%3AList((id%3A310%2Ctext%3ACXO%2CselectionType%3AINCLUDED)%2C(id%3A320%2Ctext%3AOwner%2520%252F%2520Partner%2CselectionType%3AINCLUDED)%2C(id%3A300%2Ctext%3AVice%2520President%2CselectionType%3AINCLUDED)))%2C(type%3ACOMPANY_HEADCOUNT%2Cvalues%3AList((id%3AE%2Ctext%3A201-500%2CselectionType%3AINCLUDED)%2C(id%3AF%2Ctext%3A501-1000%2CselectionType%3AINCLUDED))))%2Ckeywords%3Afounder%2520OR%2520co-founder%2520OR%2520CEO%2520OR%2520chief%2520executive%2520officer%2520OR%2520owner%2520OR%2520managing%2520partner%2520OR%2520managing%2520director%2520OR%2520president%2520OR%2520group%2520CEO%2520OR%2520chief%2520operating%2520officer%2520OR%2520COO%2520OR%2520VP%2520operations%2520OR%2520operations%2520director%2520OR%2520operating%2520partner%2520OR%2520transformation%2520director%2520OR%2520VP%2520strategy%2520AND%2520%2522private%2520equity%2522%2520OR%2520%2522value%2520creation%2522%2520OR%2520P%2526L%2520OR%2520%2522multi-site%2522%2520OR%2520manufacturing%2520OR%2520%2522lean%2520six%2520sigma%2522%2520OR%2520turnaround%2520OR%2520%2522digital%2520transformation%2522)&sessionId=wjxQPTsFRC%2BOqJb1ihmyGg%3D%3D&viewAllFilters=true,2026-09-06T17:07:38.682Z,https://linkedin.com/in/svenkrueger,573350508,Joey Moreau
"https://www.linkedin.com/sales/lead/ACwAAACTzycB8T-ynOHdNliswCPEvRiFpkPUU1w,NAME_SEARCH,V-XG",Ron Bosma,Ron,Bosma,Compagnon | HR Professionals & Projecten,Member of the Board of Advisors,441755,https://www.linkedin.com/sales/company/441755,https://www.linkedin.com/company/441755,"As the Founder and Managing Partner of TalentIn, I advise and support companies to align their Talent Management strategy to future needs by streamlining, optimizing, and implementing solutions for recruitment of anticipated talent, both on permanent and flexible base. With more than 25 years of experience in various roles and international markets within the Human Resources industry, I have developed a strong expertise in HR Tech, Strategy, Consulting, and Coaching.

My passion lies where business and technology come together to better serve customers with a strong belief that every organization can be improved if people work together, strategy and operations are aligned, and there is a focus on innovation and continuous development. I am also a Board Advisor for Ir Olav Globetrotters, an international matchmaker that provides organizations with scarce IT skills from South Africa, and an Editor and expert Partner for #HRTech Review, a platform that reviews and rates HR technology solutions.","Een echte compagnon voor in-, door- en uitstroom van talent.
Compagnon is HR-specialist en biedt complete oplossingen voor recruitment-, career- en HR-management. Wij helpen mensen en organisaties succesvol te zijn op de arbeidsmarkt. We zijn een echte compagnon door zowel op relatie als op resultaat hoog te scoren.",Human Resources Services,"Zoetermeer, South Holland, Netherlands","Rotterdam, South Holland, Netherlands",2 years 9 months in role,2 years 9 months in company,Randstad Enterprise,https://www.linkedin.com/company/102794506,CEO / Managing director EMEA,01/2015-09/2017,2 years 8 months,1st,https://media.licdn.com/dms/image/v2/D4E03AQH42k1rU-doDg/profile-displayphoto-crop_800_800/B4EZ5uGUJfK0AI-/0/1779963613111?e=1790208000&v=beta&t=tPAcdX_rkWSYgqQg8SgezTDwdGGB6S6i8ZMVUitOp8k,74,Ron Bosma,ACwAAACTzycB8T-ynOHdNliswCPEvRiFpkPUU1w,https://www.linkedin.com/in/ACwAAACTzycB8T-ynOHdNliswCPEvRiFpkPUU1w/,FALSE,FALSE,https://www.linkedin.com/sales/search/people?query=(spellCorrectionEnabled%3Atrue%2CrecentSearchParam%3A(id%3A5872058290%2CdoLogHistory%3Atrue)%2Cfilters%3AList((type%3ARELATIONSHIP%2Cvalues%3AList((id%3AF%2Ctext%3A1st%2520degree%2520connections%2CselectionType%3AINCLUDED)))%2C(type%3AREGION%2Cvalues%3AList((id%3A102890719%2Ctext%3ANetherlands%2CselectionType%3AINCLUDED)%2C(id%3A101282230%2Ctext%3AGermany%2CselectionType%3AINCLUDED)%2C(id%3A106057199%2Ctext%3ABrazil%2CselectionType%3AINCLUDED)%2C(id%3A100364837%2Ctext%3APortugal%2CselectionType%3AINCLUDED)%2C(id%3A105646813%2Ctext%3ASpain%2CselectionType%3AINCLUDED)))%2C(type%3ASENIORITY_LEVEL%2Cvalues%3AList((id%3A310%2Ctext%3ACXO%2CselectionType%3AINCLUDED)%2C(id%3A320%2Ctext%3AOwner%2520%252F%2520Partner%2CselectionType%3AINCLUDED)%2C(id%3A300%2Ctext%3AVice%2520President%2CselectionType%3AINCLUDED)))%2C(type%3ACOMPANY_HEADCOUNT%2Cvalues%3AList((id%3AE%2Ctext%3A201-500%2CselectionType%3AINCLUDED)%2C(id%3AF%2Ctext%3A501-1000%2CselectionType%3AINCLUDED))))%2Ckeywords%3Afounder%2520OR%2520co-founder%2520OR%2520CEO%2520OR%2520chief%2520executive%2520officer%2520OR%2520owner%2520OR%2520managing%2520partner%2520OR%2520managing%2520director%2520OR%2520president%2520OR%2520group%2520CEO%2520OR%2520chief%2520operating%2520officer%2520OR%2520COO%2520OR%2520VP%2520operations%2520OR%2520operations%2520director%2520OR%2520operating%2520partner%2520OR%2520transformation%2520director%2520OR%2520VP%2520strategy%2520AND%2520%2522private%2520equity%2522%2520OR%2520%2522value%2520creation%2522%2520OR%2520P%2526L%2520OR%2520%2522multi-site%2522%2520OR%2520manufacturing%2520OR%2520%2522lean%2520six%2520sigma%2522%2520OR%2520turnaround%2520OR%2520%2522digital%2520transformation%2522)&sessionId=wjxQPTsFRC%2BOqJb1ihmyGg%3D%3D&viewAllFilters=true,2026-09-06T17:07:38.682Z,https://linkedin.com/in/ronbosma,573350508,Joey Moreau
"https://www.linkedin.com/sales/lead/ACwAAAHwliMBRC0EU4rsLfJlQgPhVDVY-RtiVeg,NAME_SEARCH,E1nJ",Thijs Bochane,Thijs,Bochane,Bochane Groep,Company Owner,704091,https://www.linkedin.com/sales/company/704091,https://www.linkedin.com/company/704091,,"Bochane bestaat uit meerdere dealerbedrijven die bij verkoop van nieuwe auto's de merken Renault, Alpine, Dacia, Nissan, BYD, Chery, Omoda, Jaecoo en Mitsubishi vertegenwoordigen. 

Alle vestigingen zijn actief in onderhoud en reparatie van alle merken en de verkoop van occasions.

Bochane heeft vestigingen in Almere, Lelystad, Harderwijk, Utrecht, Zeist, Maarn, Veenendaal, Ede, Elst, Arnhem, Nijmegen, Boxmeer, Den Bosch, Tilburg, Eindhoven, Apeldoorn, Deventer en Lochem.

Boekhorst Autoschade is ons schadebedrijf maar Boekhorst is ook een autotransportbedrijf en heeft Boekhorst Fleet Services

Boekhorst heeft vestigingen in Almere, Nieuwegein, Veenendaal, Ede, Arnhem Noord, Arnhem Zuid, Bergharen, Nijmegen, Boxmeer, Spankeren, Didam, Doetinchem, Geldermalsen, Lichtenvoorde, Zutphen, Deventer, Apeldoorn, Zwolle, Hoogeveen, Utrecht, Emmeloord, Kampen, Oosterwolde, Roermond, Born , Sittard, Enschede, Almelo, Roden en Groningen

Bochane Lease, Aspire Lease en Bochane Autoverhuur, een groeiende vloot van auto’s waarmee wij onze klanten mogen ondersteunen in de invulling van vervoersoplossingen. Beschikbaar en bereikbaar vanuit alle Bochane locaties met een krachtige binnendienst die ondersteunend wordt vanuit Almere.

Van Oort Truckrent, een gevestigde naam in de verhuur van bedrijfswagens in de Betuwe met als basis Geldermalsen en een vloot van meer dan 200 bedrijfswagens ook weer een aanvulling aan de groep. 

Jan van Mourik & Zn. heeft vestigingen in Geldermalsen en Culemborg en is onderdeel van de groep maar met behoud van eigen identiteit.",Motor Vehicle Manufacturing,"Veenendaal, Utrecht, Netherlands",Utrecht Area,17 years 9 months in role,22 years 9 months in company,,,,,,1st,https://media.licdn.com/dms/image/v2/D4E03AQGudQ252ZSDrw/profile-displayphoto-crop_800_800/B4EZztN5BsIUAI-/0/1773506368230?e=1790208000&v=beta&t=rntaFdL4rboxOQdvmuUTxz03qbBGS0HqWtqVgQbPNqo,124,Thijs Bochane,ACwAAAHwliMBRC0EU4rsLfJlQgPhVDVY-RtiVeg,https://www.linkedin.com/in/ACwAAAHwliMBRC0EU4rsLfJlQgPhVDVY-RtiVeg/,TRUE,FALSE,https://www.linkedin.com/sales/search/people?query=(spellCorrectionEnabled%3Atrue%2CrecentSearchParam%3A(id%3A5872058290%2CdoLogHistory%3Atrue)%2Cfilters%3AList((type%3ARELATIONSHIP%2Cvalues%3AList((id%3AF%2Ctext%3A1st%2520degree%2520connections%2CselectionType%3AINCLUDED)))%2C(type%3AREGION%2Cvalues%3AList((id%3A102890719%2Ctext%3ANetherlands%2CselectionType%3AINCLUDED)%2C(id%3A101282230%2Ctext%3AGermany%2CselectionType%3AINCLUDED)%2C(id%3A106057199%2Ctext%3ABrazil%2CselectionType%3AINCLUDED)%2C(id%3A100364837%2Ctext%3APortugal%2CselectionType%3AINCLUDED)%2C(id%3A105646813%2Ctext%3ASpain%2CselectionType%3AINCLUDED)))%2C(type%3ASENIORITY_LEVEL%2Cvalues%3AList((id%3A310%2Ctext%3ACXO%2CselectionType%3AINCLUDED)%2C(id%3A320%2Ctext%3AOwner%2520%252F%2520Partner%2CselectionType%3AINCLUDED)%2C(id%3A300%2Ctext%3AVice%2520President%2CselectionType%3AINCLUDED)))%2C(type%3ACOMPANY_HEADCOUNT%2Cvalues%3AList((id%3AE%2Ctext%3A201-500%2CselectionType%3AINCLUDED)%2C(id%3AF%2Ctext%3A501-1000%2CselectionType%3AINCLUDED))))%2Ckeywords%3Afounder%2520OR%2520co-founder%2520OR%2520CEO%2520OR%2520chief%2520executive%2520officer%2520OR%2520owner%2520OR%2520managing%2520partner%2520OR%2520managing%2520director%2520OR%2520president%2520OR%2520group%2520CEO%2520OR%2520chief%2520operating%2520officer%2520OR%2520COO%2520OR%2520VP%2520operations%2520OR%2520operations%2520director%2520OR%2520operating%2520partner%2520OR%2520transformation%2520director%2520OR%2520VP%2520strategy%2520AND%2520%2522private%2520equity%2522%2520OR%2520%2522value%2520creation%2522%2520OR%2520P%2526L%2520OR%2520%2522multi-site%2522%2520OR%2520manufacturing%2520OR%2520%2522lean%2520six%2520sigma%2522%2520OR%2520turnaround%2520OR%2520%2522digital%2520transformation%2522)&sessionId=wjxQPTsFRC%2BOqJb1ihmyGg%3D%3D&viewAllFilters=true,2026-09-06T17:07:38.682Z,https://linkedin.com/in/thijs-bochane-603a95a,573350508,Joey Moreau
"https://www.linkedin.com/sales/lead/ACwAAAGD73YBgYfuRcX-XQtWeOMUQlPs4uAvGBw,NAME_SEARCH,Jln1",Gina De Echeona,Gina,De Echeona,World Business Angels Investment Forum,International Partner,10942307,https://www.linkedin.com/sales/company/10942307,https://www.linkedin.com/company/10942307,"Your company may be sitting on hidden capital — and not even know it.I work at the intersection of intellectual property, investment thinking, and business strategy.I help companies, founders, and family offices unlock hidden value by structuring intangible assets, aligning legal frameworks with investment strategy, and scaling internationally.Ideas are not valuable by themselves — structure (legal, commercial and financial) is what makes them investable.🚀 WHAT I DOI help companies and founders to:• Understand how investors evaluate companies• Transform ideas into structured intangible assets• Leverage IP as a growth and valuation engine• Build scalable, investment-ready businesses💼 EXPERTISEInternational Business Lawyer &amp; Strategic Advisor specialized in:• IP strategy &amp; capital structuring• Cross-border expansion• M&amp;A &amp; strategic transactions18+ years of experience across LATAM 🌎, U.S. 🇺🇸, Spain 🇪🇸, Netherlands 🇳🇱, and Germany 🇩🇪.🔑 CORE AREASCross-Border Expansion &amp; Soft Landing→ Market entry, structuring, negotiation, executionM&amp;A &amp; Strategic Transactions→ Due diligence, valuation, IP positioningIP Strategy &amp; Capital Structuring→ Turn intangible assets into financial valueInvestment &amp; Wealth Strategy→ Cross-border structures &amp; asset protection🎤 SPEAKERTopics include:• IP monetization• AI &amp; intangible assets• Cross-border strategy• Strategic growthContributor to IP Business Academy (CEIPI Global Initiative), focusing on IP strategy, brand equity, and innovation.🤝 WHY WORK WITH ME• 18+ years in law, IP, and investment• WIPO Consultant &amp; Mediator• Advisor to global companies• EU project experience🎯 WHO I WORK WITHCompanies and leaders:• Expanding internationally• Preparing for investment or M&amp;A• Leveraging IP for growthLet’s connect if you want to unlock hidden value and scale with strategy.",,Capital Markets,"Istanbul, Istanbul, Türkiye",Germany,7 years 2 months in role,7 years 2 months in company,De Echeona & Franco (Emprende Conmigo Colombia),,Founder,01/2007-05/2020,13 years 4 months,1st,https://media.licdn.com/dms/image/v2/D4D03AQGVaXlqHL9utw/profile-displayphoto-crop_800_800/B4DZ33ZWYgHAAI-/0/1777972112466?e=1790208000&v=beta&t=GDvgueUpr0pprTmyGZIiWiOX82qzrt8AvqKuq-JSsaQ,58,Gina De Echeona,ACwAAAGD73YBgYfuRcX-XQtWeOMUQlPs4uAvGBw,https://www.linkedin.com/in/ACwAAAGD73YBgYfuRcX-XQtWeOMUQlPs4uAvGBw/,FALSE,FALSE,https://www.linkedin.com/sales/search/people?query=(spellCorrectionEnabled%3Atrue%2CrecentSearchParam%3A(id%3A5872058290%2CdoLogHistory%3Atrue)%2Cfilters%3AList((type%3ARELATIONSHIP%2Cvalues%3AList((id%3AF%2Ctext%3A1st%2520degree%2520connections%2CselectionType%3AINCLUDED)))%2C(type%3AREGION%2Cvalues%3AList((id%3A102890719%2Ctext%3ANetherlands%2CselectionType%3AINCLUDED)%2C(id%3A101282230%2Ctext%3AGermany%2CselectionType%3AINCLUDED)%2C(id%3A106057199%2Ctext%3ABrazil%2CselectionType%3AINCLUDED)%2C(id%3A100364837%2Ctext%3APortugal%2CselectionType%3AINCLUDED)%2C(id%3A105646813%2Ctext%3ASpain%2CselectionType%3AINCLUDED)))%2C(type%3ASENIORITY_LEVEL%2Cvalues%3AList((id%3A310%2Ctext%3ACXO%2CselectionType%3AINCLUDED)%2C(id%3A320%2Ctext%3AOwner%2520%252F%2520Partner%2CselectionType%3AINCLUDED)%2C(id%3A300%2Ctext%3AVice%2520President%2CselectionType%3AINCLUDED)))%2C(type%3ACOMPANY_HEADCOUNT%2Cvalues%3AList((id%3AE%2Ctext%3A201-500%2CselectionType%3AINCLUDED)%2C(id%3AF%2Ctext%3A501-1000%2CselectionType%3AINCLUDED))))%2Ckeywords%3Afounder%2520OR%2520co-founder%2520OR%2520CEO%2520OR%2520chief%2520executive%2520officer%2520OR%2520owner%2520OR%2520managing%2520partner%2520OR%2520managing%2520director%2520OR%2520president%2520OR%2520group%2520CEO%2520OR%2520chief%2520operating%2520officer%2520OR%2520COO%2520OR%2520VP%2520operations%2520OR%2520operations%2520director%2520OR%2520operating%2520partner%2520OR%2520transformation%2520director%2520OR%2520VP%2520strategy%2520AND%2520%2522private%2520equity%2522%2520OR%2520%2522value%2520creation%2522%2520OR%2520P%2526L%2520OR%2520%2522multi-site%2522%2520OR%2520manufacturing%2520OR%2520%2522lean%2520six%2520sigma%2522%2520OR%2520turnaround%2520OR%2520%2522digital%2520transformation%2522)&sessionId=wjxQPTsFRC%2BOqJb1ihmyGg%3D%3D&viewAllFilters=true,2026-09-06T17:07:38.682Z,https://linkedin.com/in/gina-de-echeona,573350508,Joey Moreau
"https://www.linkedin.com/sales/lead/ACwAAAGLeukBs5fYPqE2jqbRBCif0moRQ_hGftA,NAME_SEARCH,eVwI",Eric R.,Eric,R.,Open Mind Brazil,Member,53519918,https://www.linkedin.com/sales/company/53519918,https://www.linkedin.com/company/53519918,"Driven. Focused. Passionate about impact.With 24 years of global experience in Automotive, Aerospace, Medical, and Safety Devices, I’ve led and shaped strategies in Quality, Lean Production and Supply Chain.From Brazil to India, Germany to China, I’ve guided 150+ large multicultural teams, driving innovation and organizational excellence across continents.",,Social Networking Platforms,"São Paulo, São Paulo, Brazil",Greater Hamburg Area,4 years 2 months in role,4 years 2 months in company,R76 Agile Management Consulting,,Managing Partner,06/2019-07/2020,1 year 1 month,1st,https://media.licdn.com/dms/image/v2/D4D03AQFRxwmsiK09Jg/profile-displayphoto-crop_800_800/B4DZ8nL4CvJ4AI-/0/1783068857896?e=1790208000&v=beta&t=WqxgCdwJkqMw-uNpEbIcQZLKtx8mcQezJp0GkjvA7GQ,23,Eric R.,ACwAAAGLeukBs5fYPqE2jqbRBCif0moRQ_hGftA,https://www.linkedin.com/in/ACwAAAGLeukBs5fYPqE2jqbRBCif0moRQ_hGftA/,TRUE,FALSE,https://www.linkedin.com/sales/search/people?query=(spellCorrectionEnabled%3Atrue%2CrecentSearchParam%3A(id%3A5872058290%2CdoLogHistory%3Atrue)%2Cfilters%3AList((type%3ARELATIONSHIP%2Cvalues%3AList((id%3AF%2Ctext%3A1st%2520degree%2520connections%2CselectionType%3AINCLUDED)))%2C(type%3AREGION%2Cvalues%3AList((id%3A102890719%2Ctext%3ANetherlands%2CselectionType%3AINCLUDED)%2C(id%3A101282230%2Ctext%3AGermany%2CselectionType%3AINCLUDED)%2C(id%3A106057199%2Ctext%3ABrazil%2CselectionType%3AINCLUDED)%2C(id%3A100364837%2Ctext%3APortugal%2CselectionType%3AINCLUDED)%2C(id%3A105646813%2Ctext%3ASpain%2CselectionType%3AINCLUDED)))%2C(type%3ASENIORITY_LEVEL%2Cvalues%3AList((id%3A310%2Ctext%3ACXO%2CselectionType%3AINCLUDED)%2C(id%3A320%2Ctext%3AOwner%2520%252F%2520Partner%2CselectionType%3AINCLUDED)%2C(id%3A300%2Ctext%3AVice%2520President%2CselectionType%3AINCLUDED)))%2C(type%3ACOMPANY_HEADCOUNT%2Cvalues%3AList((id%3AE%2Ctext%3A201-500%2CselectionType%3AINCLUDED)%2C(id%3AF%2Ctext%3A501-1000%2CselectionType%3AINCLUDED))))%2Ckeywords%3Afounder%2520OR%2520co-founder%2520OR%2520CEO%2520OR%2520chief%2520executive%2520officer%2520OR%2520owner%2520OR%2520managing%2520partner%2520OR%2520managing%2520director%2520OR%2520president%2520OR%2520group%2520CEO%2520OR%2520chief%2520operating%2520officer%2520OR%2520COO%2520OR%2520VP%2520operations%2520OR%2520operations%2520director%2520OR%2520operating%2520partner%2520OR%2520transformation%2520director%2520OR%2520VP%2520strategy%2520AND%2520%2522private%2520equity%2522%2520OR%2520%2522value%2520creation%2522%2520OR%2520P%2526L%2520OR%2520%2522multi-site%2522%2520OR%2520manufacturing%2520OR%2520%2522lean%2520six%2520sigma%2522%2520OR%2520turnaround%2520OR%2520%2522digital%2520transformation%2522)&sessionId=wjxQPTsFRC%2BOqJb1ihmyGg%3D%3D&viewAllFilters=true,2026-09-06T17:07:38.682Z,https://linkedin.com/in/eric-rebelo,573350508,Joey Moreau
"https://www.linkedin.com/sales/lead/ACwAAAAM1pQBTbK0f5KWd09Gw1iNPyNBRYQFnvA,NAME_SEARCH,rnN4",Dilo Kruyswijk,Dilo,Kruyswijk,NMQ Digital,Managing Director,614502,https://www.linkedin.com/sales/company/614502,https://www.linkedin.com/company/614502,"With a proven track record in General Management, E-commerce, Sales, Purchasing and Supply Chain Management, Dilo combines excellent communication skills, entrepreneurial focus and an executive view with a strong drive to build and give his abundant energy to people and organizations globally. Dilo is currently using these skills to grow Amsterdam based NMQ Digital and its subsidiaries in the United States, Portugal, Colombia, Switzerland, Turkey and Malaysia while serving multinationals like Philips, Unilever, Zoetis, Sony, DuPont, Corteva and Rituals.Specialties: Making your online strategy an affordable reality; Marketing Automation; near- and offshore outsourcing; managing multicultural teams.","Managing and developing the preferred Global, Boutique and integrated Digital Services orchestrator for Multinationals. 
NMQ Digital provides convenient, integrated digital services to, among others, Royal Philips, DuPont, Corteva, the Sony Corporation, the Hertz Corporation, Zoetis, Signify, TPVision, TomTom, Asics...... 
NMQ Digital ensures that the online strategy of its customers transforms into a high quality and affordable reality.",Marketing Services,"Amsterdam, North Holland, Netherlands","Amsterdam, North Holland, Netherlands",16 years 2 months in role,16 years 2 months in company,,,,,,1st,https://media.licdn.com/dms/image/v2/D4E03AQFWVj1Kiy7Sgw/profile-displayphoto-crop_800_800/B4EZyVn3qrHMAI-/0/1772036783572?e=1790208000&v=beta&t=nTbqBDnLP-aDrExNo5FcrjkyZjFECeB2NEb1wD6nnAs,17,Dilo Kruyswijk,ACwAAAAM1pQBTbK0f5KWd09Gw1iNPyNBRYQFnvA,https://www.linkedin.com/in/ACwAAAAM1pQBTbK0f5KWd09Gw1iNPyNBRYQFnvA/,FALSE,FALSE,https://www.linkedin.com/sales/search/people?query=(spellCorrectionEnabled%3Atrue%2CrecentSearchParam%3A(id%3A5872058290%2CdoLogHistory%3Atrue)%2Cfilters%3AList((type%3ARELATIONSHIP%2Cvalues%3AList((id%3AF%2Ctext%3A1st%2520degree%2520connections%2CselectionType%3AINCLUDED)))%2C(type%3AREGION%2Cvalues%3AList((id%3A102890719%2Ctext%3ANetherlands%2CselectionType%3AINCLUDED)%2C(id%3A101282230%2Ctext%3AGermany%2CselectionType%3AINCLUDED)%2C(id%3A106057199%2Ctext%3ABrazil%2CselectionType%3AINCLUDED)%2C(id%3A100364837%2Ctext%3APortugal%2CselectionType%3AINCLUDED)%2C(id%3A105646813%2Ctext%3ASpain%2CselectionType%3AINCLUDED)))%2C(type%3ASENIORITY_LEVEL%2Cvalues%3AList((id%3A310%2Ctext%3ACXO%2CselectionType%3AINCLUDED)%2C(id%3A320%2Ctext%3AOwner%2520%252F%2520Partner%2CselectionType%3AINCLUDED)%2C(id%3A300%2Ctext%3AVice%2520President%2CselectionType%3AINCLUDED)))%2C(type%3ACOMPANY_HEADCOUNT%2Cvalues%3AList((id%3AE%2Ctext%3A201-500%2CselectionType%3AINCLUDED)%2C(id%3AF%2Ctext%3A501-1000%2CselectionType%3AINCLUDED))))%2Ckeywords%3Afounder%2520OR%2520co-founder%2520OR%2520CEO%2520OR%2520chief%2520executive%2520officer%2520OR%2520owner%2520OR%2520managing%2520partner%2520OR%2520managing%2520director%2520OR%2520president%2520OR%2520group%2520CEO%2520OR%2520chief%2520operating%2520officer%2520OR%2520COO%2520OR%2520VP%2520operations%2520OR%2520operations%2520director%2520OR%2520operating%2520partner%2520OR%2520transformation%2520director%2520OR%2520VP%2520strategy%2520AND%2520%2522private%2520equity%2522%2520OR%2520%2522value%2520creation%2522%2520OR%2520P%2526L%2520OR%2520%2522multi-site%2522%2520OR%2520manufacturing%2520OR%2520%2522lean%2520six%2520sigma%2522%2520OR%2520turnaround%2520OR%2520%2522digital%2520transformation%2522)&sessionId=wjxQPTsFRC%2BOqJb1ihmyGg%3D%3D&viewAllFilters=true,2026-09-06T17:07:38.682Z,https://linkedin.com/in/dilo-kruyswijk-a98346,573350508,Joey Moreau
"https://www.linkedin.com/sales/lead/ACwAAAAN2KYBLLys4z2sX2XkXnT2vvSOky0PmZI,NAME_SEARCH,A5cq",Edwin van den Berg,Edwin,van den Berg,Woonin,Member Of The Supervisory Board,37746,https://www.linkedin.com/sales/company/37746,https://www.linkedin.com/company/37746,"Experienced professional in the shaping the built environment: real-estate development, (modular) construction, building materials. Strong people and market-orientation with a Master of Science (MSc) in Industrial Engineering. Passion for sustainability, organizational transformation and buy&build strategies. 

‘you should always look for what is good and positive in people.'",,Real Estate,"Utrecht, Utrecht, Netherlands",Netherlands,6 years 3 months in role,6 years 3 months in company,NEOM,https://www.linkedin.com/company/27056405,Executive Director Design&Construction Sector,09/2020-05/2021,8 months,1st,https://media.licdn.com/dms/image/v2/D4E03AQFMV-kSFNsOtg/profile-displayphoto-crop_800_800/B4EZ90ZQf7HsAQ-/0/1784364206343?e=1790208000&v=beta&t=dqVsdKMKPgeo02_wTRsH72hdcr90MCLO5TLIEjuxlXA,60,Edwin van den Berg,ACwAAAAN2KYBLLys4z2sX2XkXnT2vvSOky0PmZI,https://www.linkedin.com/in/ACwAAAAN2KYBLLys4z2sX2XkXnT2vvSOky0PmZI/,FALSE,FALSE,https://www.linkedin.com/sales/search/people?query=(spellCorrectionEnabled%3Atrue%2CrecentSearchParam%3A(id%3A5872058290%2CdoLogHistory%3Atrue)%2Cfilters%3AList((type%3ARELATIONSHIP%2Cvalues%3AList((id%3AF%2Ctext%3A1st%2520degree%2520connections%2CselectionType%3AINCLUDED)))%2C(type%3AREGION%2Cvalues%3AList((id%3A102890719%2Ctext%3ANetherlands%2CselectionType%3AINCLUDED)%2C(id%3A101282230%2Ctext%3AGermany%2CselectionType%3AINCLUDED)%2C(id%3A106057199%2Ctext%3ABrazil%2CselectionType%3AINCLUDED)%2C(id%3A100364837%2Ctext%3APortugal%2CselectionType%3AINCLUDED)%2C(id%3A105646813%2Ctext%3ASpain%2CselectionType%3AINCLUDED)))%2C(type%3ASENIORITY_LEVEL%2Cvalues%3AList((id%3A310%2Ctext%3ACXO%2CselectionType%3AINCLUDED)%2C(id%3A320%2Ctext%3AOwner%2520%252F%2520Partner%2CselectionType%3AINCLUDED)%2C(id%3A300%2Ctext%3AVice%2520President%2CselectionType%3AINCLUDED)))%2C(type%3ACOMPANY_HEADCOUNT%2Cvalues%3AList((id%3AE%2Ctext%3A201-500%2CselectionType%3AINCLUDED)%2C(id%3AF%2Ctext%3A501-1000%2CselectionType%3AINCLUDED))))%2Ckeywords%3Afounder%2520OR%2520co-founder%2520OR%2520CEO%2520OR%2520chief%2520executive%2520officer%2520OR%2520owner%2520OR%2520managing%2520partner%2520OR%2520managing%2520director%2520OR%2520president%2520OR%2520group%2520CEO%2520OR%2520chief%2520operating%2520officer%2520OR%2520COO%2520OR%2520VP%2520operations%2520OR%2520operations%2520director%2520OR%2520operating%2520partner%2520OR%2520transformation%2520director%2520OR%2520VP%2520strategy%2520AND%2520%2522private%2520equity%2522%2520OR%2520%2522value%2520creation%2522%2520OR%2520P%2526L%2520OR%2520%2522multi-site%2522%2520OR%2520manufacturing%2520OR%2520%2522lean%2520six%2520sigma%2522%2520OR%2520turnaround%2520OR%2520%2522digital%2520transformation%2522)&sessionId=wjxQPTsFRC%2BOqJb1ihmyGg%3D%3D&viewAllFilters=true,2026-09-06T17:07:38.682Z,https://linkedin.com/in/eejvandenberg,573350508,Joey Moreau
"https://www.linkedin.com/sales/lead/ACwAAARrppgBtQN_Pdj0aIW1uZShvJ8OY0oKcY4,NAME_SEARCH,Ruze",Jeroen te Wierik,Jeroen,te Wierik,Azerty,CEO/ Co-Founder,984114,https://www.linkedin.com/sales/company/984114,https://www.linkedin.com/company/984114,"Azerty is een full-service IT Hardware Partner
Wij  leveren de beste IT-hardware en services voor bedrijven

ONZE VISIE 
Aandacht is tegenwoordig een zeldzaam goed. Door digitalisering en automatisering is het niet meer zo vanzelfsprekend dat je als mens centraal staat. 

De waarde van IT zit hem juist in de menselijke inzet ervan​. Veel bedrijven zijn afhankelijk geworden van IT-technologie. Het is een basisbehoefte geworden waarin de mens een essentiële rol speelt in hun IT-bedrijfsstrategie. Om IT te creëren die op dit niveau van waarde is, moet niet de IT zelf, maar inzicht in de rol die deze inneemt bij de mens binnen de organisatie het uitgangspunt zijn. Omdat veel bedrijven dit inzicht onvoldoende hebben lopen ze het risico de potentiële waarde van de mens binnen de IT niet te benutten.​

ONZE MISSIE 
Het is onze missie om professionals binnen bedrijven te helpen ​IT- hardware oplossingen in te zetten die waardevol voor hen is. IT- hardware oplossingen die hen helpt bij het realiseren van werk en die ervoor zorgt dat ze productief blijven of worden en verder talent ontwikkelen.​

ONZE BELOFTE 
Met onze IT-hardware oplossingen helpen wij onze klanten iedere dag en ook op de lange termijn hun doelstellingen te realiseren. Of het nu gaat om eenvoudige of complexe vraagstukken, wij creëren maximale waarde uit IT-hardware oplossingen. Zo laten we talenten beter samenwerken, en mensen slimmer en effectiever werken. ​

ONZE MENSEN 
We maken onze belofte waar door onze mensen (ontwikkel-)kansen en inspiratie te geven, vrijheid in denken en handelen. Daardoor kunnen ze meegroeien met onze organisatie en meer bereiken dan ze ooit voor zichzelf konden dromen. We noemen dit al 20 jaar de Azerty MAGIC 

Daarvoor sta ik elke dag op. Met enorm veel plezier en energie bouwen aan onze droom, aan onze missie.

Azerty Zakelijk
Bouwen aan morgen, vandaag met IT Hardware!","In de huidige snelle digitale wereld zien we dat het contact met relaties steeds onpersoonlijker wordt.

Wij van Azerty worden er juist blij als we onze klanten het ""perfecte terrasje""kunnen bieden door hen goed EN persoonlijk te bedienen.

Azerty behoort tot de top leveranciers als het gaat om computeronderdelen, pc’s, workstations, servers, netwerkapparatuur en overige randapparatuur. 

Door onze deskundigheid, service en persoonlijkheid hebben we een prachtige kring van relaties opgebouwd, die samenwerken om onze website en dienstverlening dagelijks te optimaliseren.

IT-hardware voor Experts, dat is wat we leveren.

Ons motto is: ""Price is what you pay. Value is what you get"", een veelzeggende quote Warren Buffett",Computer Hardware Manufacturing,"Raalte, Overijssel, Netherlands","Raalte, Overijssel, Netherlands",21 years 10 months in role,21 years 10 months in company,,,,,,1st,https://media.licdn.com/dms/image/v2/D4E03AQEElNY0s_TXEw/profile-displayphoto-crop_800_800/B4EZz9S9N2JUAI-/0/1773776131440?e=1790208000&v=beta&t=c9jXbWe60NSSUn1DEPBTB1dxAJzFzhJF4yj6gs0_ou4,237,Jeroen te Wierik,ACwAAARrppgBtQN_Pdj0aIW1uZShvJ8OY0oKcY4,https://www.linkedin.com/in/ACwAAARrppgBtQN_Pdj0aIW1uZShvJ8OY0oKcY4/,TRUE,FALSE,https://www.linkedin.com/sales/search/people?query=(spellCorrectionEnabled%3Atrue%2CrecentSearchParam%3A(id%3A5872058290%2CdoLogHistory%3Atrue)%2Cfilters%3AList((type%3ARELATIONSHIP%2Cvalues%3AList((id%3AF%2Ctext%3A1st%2520degree%2520connections%2CselectionType%3AINCLUDED)))%2C(type%3AREGION%2Cvalues%3AList((id%3A102890719%2Ctext%3ANetherlands%2CselectionType%3AINCLUDED)%2C(id%3A101282230%2Ctext%3AGermany%2CselectionType%3AINCLUDED)%2C(id%3A106057199%2Ctext%3ABrazil%2CselectionType%3AINCLUDED)%2C(id%3A100364837%2Ctext%3APortugal%2CselectionType%3AINCLUDED)%2C(id%3A105646813%2Ctext%3ASpain%2CselectionType%3AINCLUDED)))%2C(type%3ASENIORITY_LEVEL%2Cvalues%3AList((id%3A310%2Ctext%3ACXO%2CselectionType%3AINCLUDED)%2C(id%3A320%2Ctext%3AOwner%2520%252F%2520Partner%2CselectionType%3AINCLUDED)%2C(id%3A300%2Ctext%3AVice%2520President%2CselectionType%3AINCLUDED)))%2C(type%3ACOMPANY_HEADCOUNT%2Cvalues%3AList((id%3AE%2Ctext%3A201-500%2CselectionType%3AINCLUDED)%2C(id%3AF%2Ctext%3A501-1000%2CselectionType%3AINCLUDED))))%2Ckeywords%3Afounder%2520OR%2520co-founder%2520OR%2520CEO%2520OR%2520chief%2520executive%2520officer%2520OR%2520owner%2520OR%2520managing%2520partner%2520OR%2520managing%2520director%2520OR%2520president%2520OR%2520group%2520CEO%2520OR%2520chief%2520operating%2520officer%2520OR%2520COO%2520OR%2520VP%2520operations%2520OR%2520operations%2520director%2520OR%2520operating%2520partner%2520OR%2520transformation%2520director%2520OR%2520VP%2520strategy%2520AND%2520%2522private%2520equity%2522%2520OR%2520%2522value%2520creation%2522%2520OR%2520P%2526L%2520OR%2520%2522multi-site%2522%2520OR%2520manufacturing%2520OR%2520%2522lean%2520six%2520sigma%2522%2520OR%2520turnaround%2520OR%2520%2522digital%2520transformation%2522)&sessionId=wjxQPTsFRC%2BOqJb1ihmyGg%3D%3D&viewAllFilters=true,2026-09-06T17:07:38.682Z,https://linkedin.com/in/jeroentw,573350508,Joey Moreau
"https://www.linkedin.com/sales/lead/ACwAAAAU7ssBbLFKqZ767Tigf7pu0MxPmEA2-iY,NAME_SEARCH,BMQY",Jan van der Wel,Jan,van der Wel,Technolution,CEO,24558,https://www.linkedin.com/sales/company/24558,https://www.linkedin.com/company/24558,"I'am Jan van der Wel. I founded Technolution in 1987 with three other enthusiastic techies. My bachelors degree studies were about mechanics, electronics en embedded software.My company Technolution is currently a pioneering deep tech company that deploys groundbreaking mission-critical systems at the intersection of electronics, software, and programmable logic. With a strong engineering culture and decades of experience, we enable innovation where failure is not an option.From intelligent traffic and mobility solutions to connectivity and instrumentation in aerospace, defense, telecom and the semiconductor industry. Technolution operates at the forefront of high-reliability, high-performance technology. Our multidisciplinary teams bring together deep domain expertise to develop bespoke systems that shape the future of critical infrastructure and operations.Whether it's real-time traffic optimisation, resilient digital platforms for defence, or precision control systems in chip manufacturing, Technolution delivers robust, future-proof solutions that meet the highest standards of safety, performance, and integrity.We partner closely with clients and governments to translate complex challenges into scalable, sustainable innovations—building the digital backbones of tomorrow’s connected, secure, and intelligent world.","End responsible for Technolution and affiliated companies.

Technolution – the right development 
We are a technology integrator, developing electronics and software solutions for technical information systems and embedded systems. We can do more with less to get your systems working within a sound business case. Founded in 1987 on a bedrock of technical excellence, we are a self-owned, self-managed organization working in an ISO 9001 environment to create innovative solutions together with our client. 

We mainly operate in the sectors: traffic and transport, high-tech industry and energy.",IT Services and IT Consulting,"Gouda, South Holland, Netherlands",Netherlands,21 years 5 months in role,39 years 6 months in company,Technolution,https://www.linkedin.com/company/24558,"Founder of Technolution, software and system architect",04/1987-12/1998,11 years 8 months,1st,https://media.licdn.com/dms/image/v2/C4D03AQHXbmX1cwlEHw/profile-displayphoto-shrink_800_800/profile-displayphoto-shrink_800_800/0/1516241004164?e=1790208000&v=beta&t=naP7k3b0bYqsG28f2bx14aFH16Dwd_4fcJKc24ljtds,48,Jan van der Wel,ACwAAAAU7ssBbLFKqZ767Tigf7pu0MxPmEA2-iY,https://www.linkedin.com/in/ACwAAAAU7ssBbLFKqZ767Tigf7pu0MxPmEA2-iY/,FALSE,FALSE,https://www.linkedin.com/sales/search/people?query=(spellCorrectionEnabled%3Atrue%2CrecentSearchParam%3A(id%3A5872058290%2CdoLogHistory%3Atrue)%2Cfilters%3AList((type%3ARELATIONSHIP%2Cvalues%3AList((id%3AF%2Ctext%3A1st%2520degree%2520connections%2CselectionType%3AINCLUDED)))%2C(type%3AREGION%2Cvalues%3AList((id%3A102890719%2Ctext%3ANetherlands%2CselectionType%3AINCLUDED)%2C(id%3A101282230%2Ctext%3AGermany%2CselectionType%3AINCLUDED)%2C(id%3A106057199%2Ctext%3ABrazil%2CselectionType%3AINCLUDED)%2C(id%3A100364837%2Ctext%3APortugal%2CselectionType%3AINCLUDED)%2C(id%3A105646813%2Ctext%3ASpain%2CselectionType%3AINCLUDED)))%2C(type%3ASENIORITY_LEVEL%2Cvalues%3AList((id%3A310%2Ctext%3ACXO%2CselectionType%3AINCLUDED)%2C(id%3A320%2Ctext%3AOwner%2520%252F%2520Partner%2CselectionType%3AINCLUDED)%2C(id%3A300%2Ctext%3AVice%2520President%2CselectionType%3AINCLUDED)))%2C(type%3ACOMPANY_HEADCOUNT%2Cvalues%3AList((id%3AE%2Ctext%3A201-500%2CselectionType%3AINCLUDED)%2C(id%3AF%2Ctext%3A501-1000%2CselectionType%3AINCLUDED))))%2Ckeywords%3Afounder%2520OR%2520co-founder%2520OR%2520CEO%2520OR%2520chief%2520executive%2520officer%2520OR%2520owner%2520OR%2520managing%2520partner%2520OR%2520managing%2520director%2520OR%2520president%2520OR%2520group%2520CEO%2520OR%2520chief%2520operating%2520officer%2520OR%2520COO%2520OR%2520VP%2520operations%2520OR%2520operations%2520director%2520OR%2520operating%2520partner%2520OR%2520transformation%2520director%2520OR%2520VP%2520strategy%2520AND%2520%2522private%2520equity%2522%2520OR%2520%2522value%2520creation%2522%2520OR%2520P%2526L%2520OR%2520%2522multi-site%2522%2520OR%2520manufacturing%2520OR%2520%2522lean%2520six%2520sigma%2522%2520OR%2520turnaround%2520OR%2520%2522digital%2520transformation%2522)&sessionId=wjxQPTsFRC%2BOqJb1ihmyGg%3D%3D&viewAllFilters=true,2026-09-06T17:07:38.682Z,https://linkedin.com/in/janvanderwel,573350508,Joey Moreau
"https://www.linkedin.com/sales/lead/ACwAAASwYpMB2nvkr71S1QF3bG6y2Gi9Cx4jEec,NAME_SEARCH,aTQn",Niels Agterberg,Niels,Agterberg,ACES,Managing Partner,10974,https://www.linkedin.com/sales/company/10974,https://www.linkedin.com/company/10974,"At ACES International, our team excels in pioneering recruitment strategies that resonate with modern IT and Tech landscapes, harnessing over 30 years of industry insight to match top-tier talent with dynamic roles. As Managing Partner, my focus on innovation and an unorthodox view on work ethics has been instrumental in shaping a future-forward approach to talent acquisition.

My journey as Founder of Everyday Heroes reflects a dedicated mission to empower individuals with limited job opportunities, transforming their potential into success stories. The organization thrives on simplicity and impact, with support from a network of companies and individuals who invest in our unique Impactpackages, directly correlating to job placements and meaningful societal contributions.","ACES International finds the most suitable candidates for growing and changing IT & Tech organizations. We stand for innovative concepts, an unorthodox view on work ethics, disruptive software and 30 years of experience in recruitment.",Staffing and Recruiting,"Laren, North Holland, Netherlands","Deventer, Overijssel, Netherlands",4 years 9 months in role,16 years 2 months in company,,,,,,1st,https://media.licdn.com/dms/image/v2/C4E03AQEVcQgNRHSUFQ/profile-displayphoto-shrink_800_800/profile-displayphoto-shrink_800_800/0/1648978932936?e=1790208000&v=beta&t=AdIa8ZXjYyrlOpECmU9Pz9maVS0rQ-jxAHmk7W79T3M,70,Niels Agterberg,ACwAAASwYpMB2nvkr71S1QF3bG6y2Gi9Cx4jEec,https://www.linkedin.com/in/ACwAAASwYpMB2nvkr71S1QF3bG6y2Gi9Cx4jEec/,TRUE,FALSE,https://www.linkedin.com/sales/search/people?query=(spellCorrectionEnabled%3Atrue%2CrecentSearchParam%3A(id%3A5872058290%2CdoLogHistory%3Atrue)%2Cfilters%3AList((type%3ARELATIONSHIP%2Cvalues%3AList((id%3AF%2Ctext%3A1st%2520degree%2520connections%2CselectionType%3AINCLUDED)))%2C(type%3AREGION%2Cvalues%3AList((id%3A102890719%2Ctext%3ANetherlands%2CselectionType%3AINCLUDED)%2C(id%3A101282230%2Ctext%3AGermany%2CselectionType%3AINCLUDED)%2C(id%3A106057199%2Ctext%3ABrazil%2CselectionType%3AINCLUDED)%2C(id%3A100364837%2Ctext%3APortugal%2CselectionType%3AINCLUDED)%2C(id%3A105646813%2Ctext%3ASpain%2CselectionType%3AINCLUDED)))%2C(type%3ASENIORITY_LEVEL%2Cvalues%3AList((id%3A310%2Ctext%3ACXO%2CselectionType%3AINCLUDED)%2C(id%3A320%2Ctext%3AOwner%2520%252F%2520Partner%2CselectionType%3AINCLUDED)%2C(id%3A300%2Ctext%3AVice%2520President%2CselectionType%3AINCLUDED)))%2C(type%3ACOMPANY_HEADCOUNT%2Cvalues%3AList((id%3AE%2Ctext%3A201-500%2CselectionType%3AINCLUDED)%2C(id%3AF%2Ctext%3A501-1000%2CselectionType%3AINCLUDED))))%2Ckeywords%3Afounder%2520OR%2520co-founder%2520OR%2520CEO%2520OR%2520chief%2520executive%2520officer%2520OR%2520owner%2520OR%2520managing%2520partner%2520OR%2520managing%2520director%2520OR%2520president%2520OR%2520group%2520CEO%2520OR%2520chief%2520operating%2520officer%2520OR%2520COO%2520OR%2520VP%2520operations%2520OR%2520operations%2520director%2520OR%2520operating%2520partner%2520OR%2520transformation%2520director%2520OR%2520VP%2520strategy%2520AND%2520%2522private%2520equity%2522%2520OR%2520%2522value%2520creation%2522%2520OR%2520P%2526L%2520OR%2520%2522multi-site%2522%2520OR%2520manufacturing%2520OR%2520%2522lean%2520six%2520sigma%2522%2520OR%2520turnaround%2520OR%2520%2522digital%2520transformation%2522)&sessionId=wjxQPTsFRC%2BOqJb1ihmyGg%3D%3D&viewAllFilters=true,2026-09-06T17:07:38.682Z,https://linkedin.com/in/nagterberg,573350508,Joey Moreau
"https://www.linkedin.com/sales/lead/ACwAAAOLr_0BG5xAjcURU7An9VQhvbjvvuPqGdE,NAME_SEARCH,xKv5",Nicole Büttner,Nicole,Büttner,Poppe + Potthoff GmbH,Member of The Supervisory Board,5239848,https://www.linkedin.com/sales/company/5239848,https://www.linkedin.com/company/5239848,"I am an entrepreneur, economist and tech optimist. I believe artificial intelligence has the potential to create deep positive impact on individuals, businesses and society as a whole. I enjoy working on real-life challenges and developing new solutions with the help of machine learning and AI.

Investing in startups and serving as a board member in corporates is a way for me to widen the impact of my deep tech expertise as well as passion for transformation. 

I have been managing and enabling international teams for crucial decision-making processes and throughout project implementation in high stakes situations and innovation processes for over 9 years.

I enjoy sharing my experience - be it lecturing at universities or speaking about Artificial Intelligence and Machine Learning at conferences.
I am passionate about bringing digital technologies to government and setting the right agendas for a prosperous technology sector in Europe. Since 2018 I have the pleasure of serving on the Board of Alumni of the University of St.Gallen. Also, I am part of the Young Leaders of Aspen Institute and Rising Talents community of the Women's Forum.",,Motor Vehicle Manufacturing,"Werther, North Rhine-Westphalia, Germany","Berlin, Berlin, Germany",2 years 3 months in role,2 years 3 months in company,J. Bauer GmbH & Co. KG,https://www.linkedin.com/company/41049218,Member Of The Supervisory Board,09/2021-05/2024,2 years 8 months,1st,https://media.licdn.com/dms/image/v2/C4E03AQHKHzJ0p4k9IQ/profile-displayphoto-shrink_800_800/profile-displayphoto-shrink_800_800/0/1599725451403?e=1790208000&v=beta&t=vDtAY1ExYycTxlcvz7bewvxGXbtMev0Q0D0mUvwsUwU,160,Nicole Büttner,ACwAAAOLr_0BG5xAjcURU7An9VQhvbjvvuPqGdE,https://www.linkedin.com/in/ACwAAAOLr_0BG5xAjcURU7An9VQhvbjvvuPqGdE/,FALSE,FALSE,https://www.linkedin.com/sales/search/people?query=(spellCorrectionEnabled%3Atrue%2CrecentSearchParam%3A(id%3A5872058290%2CdoLogHistory%3Atrue)%2Cfilters%3AList((type%3ARELATIONSHIP%2Cvalues%3AList((id%3AF%2Ctext%3A1st%2520degree%2520connections%2CselectionType%3AINCLUDED)))%2C(type%3AREGION%2Cvalues%3AList((id%3A102890719%2Ctext%3ANetherlands%2CselectionType%3AINCLUDED)%2C(id%3A101282230%2Ctext%3AGermany%2CselectionType%3AINCLUDED)%2C(id%3A106057199%2Ctext%3ABrazil%2CselectionType%3AINCLUDED)%2C(id%3A100364837%2Ctext%3APortugal%2CselectionType%3AINCLUDED)%2C(id%3A105646813%2Ctext%3ASpain%2CselectionType%3AINCLUDED)))%2C(type%3ASENIORITY_LEVEL%2Cvalues%3AList((id%3A310%2Ctext%3ACXO%2CselectionType%3AINCLUDED)%2C(id%3A320%2Ctext%3AOwner%2520%252F%2520Partner%2CselectionType%3AINCLUDED)%2C(id%3A300%2Ctext%3AVice%2520President%2CselectionType%3AINCLUDED)))%2C(type%3ACOMPANY_HEADCOUNT%2Cvalues%3AList((id%3AE%2Ctext%3A201-500%2CselectionType%3AINCLUDED)%2C(id%3AF%2Ctext%3A501-1000%2CselectionType%3AINCLUDED))))%2Ckeywords%3Afounder%2520OR%2520co-founder%2520OR%2520CEO%2520OR%2520chief%2520executive%2520officer%2520OR%2520owner%2520OR%2520managing%2520partner%2520OR%2520managing%2520director%2520OR%2520president%2520OR%2520group%2520CEO%2520OR%2520chief%2520operating%2520officer%2520OR%2520COO%2520OR%2520VP%2520operations%2520OR%2520operations%2520director%2520OR%2520operating%2520partner%2520OR%2520transformation%2520director%2520OR%2520VP%2520strategy%2520AND%2520%2522private%2520equity%2522%2520OR%2520%2522value%2520creation%2522%2520OR%2520P%2526L%2520OR%2520%2522multi-site%2522%2520OR%2520manufacturing%2520OR%2520%2522lean%2520six%2520sigma%2522%2520OR%2520turnaround%2520OR%2520%2522digital%2520transformation%2522)&sessionId=wjxQPTsFRC%2BOqJb1ihmyGg%3D%3D&viewAllFilters=true,2026-09-06T17:07:38.682Z,https://linkedin.com/in/nicole-buettner,573350508,Joey Moreau
"https://www.linkedin.com/sales/lead/ACwAAADFT9UBWjNnfiHLg-CoYvfE2NmlAGzEWkQ,NAME_SEARCH,ppUA",. Chris . Zadeh,. Chris,. Zadeh,InShared,Member Of The Supervisory Board,575174,https://www.linkedin.com/sales/company/575174,https://www.linkedin.com/company/575174,"I don’t fit neatly into a box. I stopped trying to long time ago.Today I split my time between building new ventures, backing founders I believe in, sitting on boards where I can add value, and speaking to audiences who want to think differently about performance, mindset, and what it actually takes to build something.That’s the present. Here’s the origin.In 2009 — before “cloud” was even a boardroom word — I founded Ohpen, the world’s first cloud-native core banking platform. What started as a brainwave became a company that rewired how retail banking works at its core. I led it as CEO for a decade.Before Ohpen, I was part of the team that turned a simple idea — “the easyjet of stockbrokerage” — into BinckBank, a listed fintech that reached unicorn status in 8 years.None of this was inevitable. I grew up with dyslexia, ADHD, OCD, and a childhood that didn’t exactly set me up for smooth sailing. I made a decision early on that these things would inform me, not define me. That decision shaped everything — how I build, how I invest, how I lead, and what I now talk about on stage.What I do today through CEO vs CEO:— Invest in AI-native B2B companies with exceptional founders— Advise and sit on boards of scale-ups navigating critical start- to scale up transitions— Mentor the next generation of founders — especially those who don’t fit the mold— Speak on mindset, peak performance, and what I call “Yogi CEO” I’ve written two Amazon #1 bestsellers — Monkey Money Mind and Banking the Cloud — and a third book is on its way.When I’m not in boardrooms or on stage, you’ll find me diving with sharks, on a yoga mat, on a golf course, or somewhere in the mountains.",Hallo! Wij zijn InShared. Samen werken we aan een eerlijke verzekering.,Insurance,Netherlands,"Amsterdam, North Holland, Netherlands",5 years 6 months in role,5 years 6 months in company,Urban Gym Group,https://www.linkedin.com/company/71726752,Advisory Board Member,09/2021-12/2023,2 years 3 months,1st,https://media.licdn.com/dms/image/v2/D4D03AQFM15HS80gl0Q/profile-displayphoto-crop_800_800/B4DaAqbUqyJIAM-/0/1787418201696?e=1790208000&v=beta&t=1SiNuERXjyO8ffWKYzQZqg_riiSEpNHzYSY6uOi0t_c,500,. Chris . Zadeh,ACwAAADFT9UBWjNnfiHLg-CoYvfE2NmlAGzEWkQ,https://www.linkedin.com/in/ACwAAADFT9UBWjNnfiHLg-CoYvfE2NmlAGzEWkQ/,FALSE,FALSE,https://www.linkedin.com/sales/search/people?query=(spellCorrectionEnabled%3Atrue%2CrecentSearchParam%3A(id%3A5872058290%2CdoLogHistory%3Atrue)%2Cfilters%3AList((type%3ARELATIONSHIP%2Cvalues%3AList((id%3AF%2Ctext%3A1st%2520degree%2520connections%2CselectionType%3AINCLUDED)))%2C(type%3AREGION%2Cvalues%3AList((id%3A102890719%2Ctext%3ANetherlands%2CselectionType%3AINCLUDED)%2C(id%3A101282230%2Ctext%3AGermany%2CselectionType%3AINCLUDED)%2C(id%3A106057199%2Ctext%3ABrazil%2CselectionType%3AINCLUDED)%2C(id%3A100364837%2Ctext%3APortugal%2CselectionType%3AINCLUDED)%2C(id%3A105646813%2Ctext%3ASpain%2CselectionType%3AINCLUDED)))%2C(type%3ASENIORITY_LEVEL%2Cvalues%3AList((id%3A310%2Ctext%3ACXO%2CselectionType%3AINCLUDED)%2C(id%3A320%2Ctext%3AOwner%2520%252F%2520Partner%2CselectionType%3AINCLUDED)%2C(id%3A300%2Ctext%3AVice%2520President%2CselectionType%3AINCLUDED)))%2C(type%3ACOMPANY_HEADCOUNT%2Cvalues%3AList((id%3AE%2Ctext%3A201-500%2CselectionType%3AINCLUDED)%2C(id%3AF%2Ctext%3A501-1000%2CselectionType%3AINCLUDED))))%2Ckeywords%3Afounder%2520OR%2520co-founder%2520OR%2520CEO%2520OR%2520chief%2520executive%2520officer%2520OR%2520owner%2520OR%2520managing%2520partner%2520OR%2520managing%2520director%2520OR%2520president%2520OR%2520group%2520CEO%2520OR%2520chief%2520operating%2520officer%2520OR%2520COO%2520OR%2520VP%2520operations%2520OR%2520operations%2520director%2520OR%2520operating%2520partner%2520OR%2520transformation%2520director%2520OR%2520VP%2520strategy%2520AND%2520%2522private%2520equity%2522%2520OR%2520%2522value%2520creation%2522%2520OR%2520P%2526L%2520OR%2520%2522multi-site%2522%2520OR%2520manufacturing%2520OR%2520%2522lean%2520six%2520sigma%2522%2520OR%2520turnaround%2520OR%2520%2522digital%2520transformation%2522)&sessionId=wjxQPTsFRC%2BOqJb1ihmyGg%3D%3D&viewAllFilters=true,2026-09-06T17:07:38.682Z,https://linkedin.com/in/chriszadeh,573350508,Joey Moreau
"https://www.linkedin.com/sales/lead/ACwAAAKJvcABOGQrpC04Xq9AEVFJIZDuo0y5Mtk,NAME_SEARCH,bU6g",Elske Doets,Elske,Doets,Veuve Clicquot,Zakenvrouw van het jaar 2017 Businesswoman 2017,50563,https://www.linkedin.com/sales/company/50563,https://www.linkedin.com/company/50563,"Elske Doets is owner of travel company Doets Reizen, initiator of the socially engaged startup BuddyBold and founder of the Young Lady Business Academy (YLBA). With her striking vision on the future of society and economy she is a welcome guest in media or as speaker. Key message of Elske is that we collectively have to come off old thinking patterns and reflexes. Everywhere Elske appears, she creates movement. And in a charming and light-footed way she shifts the focus from the disagreement to the structural solution. Her latest book ‘Bloom’ (‘a new scenario for growth’) has inspired many people to make a turnaround in their personal and professional life.",,Beverage Manufacturing,France,Netherlands,9 years 7 months in role,9 years 7 months in company,BUDDYBOLD,https://www.linkedin.com/company/71146262,Founder,09/2020-02/2025,4 years 5 months,1st,https://media.licdn.com/dms/image/v2/D4E03AQFJ2jHEB7MldA/profile-displayphoto-crop_800_800/B4EaAABSuXHkAI-/0/1786706734947?e=1790208000&v=beta&t=_8ma-1oyWna58_8ht2hUVXgHDoKd-um4TWgqjU1xhhg,321,Elske Doets,ACwAAAKJvcABOGQrpC04Xq9AEVFJIZDuo0y5Mtk,https://www.linkedin.com/in/ACwAAAKJvcABOGQrpC04Xq9AEVFJIZDuo0y5Mtk/,TRUE,FALSE,https://www.linkedin.com/sales/search/people?query=(spellCorrectionEnabled%3Atrue%2CrecentSearchParam%3A(id%3A5872058290%2CdoLogHistory%3Atrue)%2Cfilters%3AList((type%3ARELATIONSHIP%2Cvalues%3AList((id%3AF%2Ctext%3A1st%2520degree%2520connections%2CselectionType%3AINCLUDED)))%2C(type%3AREGION%2Cvalues%3AList((id%3A102890719%2Ctext%3ANetherlands%2CselectionType%3AINCLUDED)%2C(id%3A101282230%2Ctext%3AGermany%2CselectionType%3AINCLUDED)%2C(id%3A106057199%2Ctext%3ABrazil%2CselectionType%3AINCLUDED)%2C(id%3A100364837%2Ctext%3APortugal%2CselectionType%3AINCLUDED)%2C(id%3A105646813%2Ctext%3ASpain%2CselectionType%3AINCLUDED)))%2C(type%3ASENIORITY_LEVEL%2Cvalues%3AList((id%3A310%2Ctext%3ACXO%2CselectionType%3AINCLUDED)%2C(id%3A320%2Ctext%3AOwner%2520%252F%2520Partner%2CselectionType%3AINCLUDED)%2C(id%3A300%2Ctext%3AVice%2520President%2CselectionType%3AINCLUDED)))%2C(type%3ACOMPANY_HEADCOUNT%2Cvalues%3AList((id%3AE%2Ctext%3A201-500%2CselectionType%3AINCLUDED)%2C(id%3AF%2Ctext%3A501-1000%2CselectionType%3AINCLUDED))))%2Ckeywords%3Afounder%2520OR%2520co-founder%2520OR%2520CEO%2520OR%2520chief%2520executive%2520officer%2520OR%2520owner%2520OR%2520managing%2520partner%2520OR%2520managing%2520director%2520OR%2520president%2520OR%2520group%2520CEO%2520OR%2520chief%2520operating%2520officer%2520OR%2520COO%2520OR%2520VP%2520operations%2520OR%2520operations%2520director%2520OR%2520operating%2520partner%2520OR%2520transformation%2520director%2520OR%2520VP%2520strategy%2520AND%2520%2522private%2520equity%2522%2520OR%2520%2522value%2520creation%2522%2520OR%2520P%2526L%2520OR%2520%2522multi-site%2522%2520OR%2520manufacturing%2520OR%2520%2522lean%2520six%2520sigma%2522%2520OR%2520turnaround%2520OR%2520%2522digital%2520transformation%2522)&sessionId=wjxQPTsFRC%2BOqJb1ihmyGg%3D%3D&viewAllFilters=true,2026-09-06T17:07:38.682Z,https://linkedin.com/in/elske-doets-05431612,573350508,Joey Moreau
"https://www.linkedin.com/sales/lead/ACwAAAApPYgBDSBDqdvTaFqjUj0F2Q6xuMqXINo,NAME_SEARCH,gKlg",Jorge Fernandez-Arguelles,Jorge,Fernandez-Arguelles,Expense Reduction Analysts - Global,Partner,40967218,https://www.linkedin.com/sales/company/40967218,https://www.linkedin.com/company/40967218,"Boosting my clients to achieve their goals and challenges by supporting them to improve their income statement, profitability and efficiency.
We focus on redefining the business strategy, aligning the organizational structures, and reviewing the processes in order to identify and implement efficiencies required to improve the business profitability.

Core competences:
- Strategy
- Process Improvement & Cost Reduction
- Organizational Redesign
- Digital Transformation & Technology
- Merges and acquisitions (M&A)
- Negotiation and Diplomacy

Business angel and family investor on my behalf.
Leisure time, quite limited, dedicated to my passions: my family, literature, good cinema and skiing.","Generating partnership with our clients in order to achieve sustainable efficiencies and cost savings that impact directly at their ebitda, bottom line and cash-flow trough self-funded projects.

+700 experts worldwide II +60 countries II +25,000 projects at 30 years history II +12B$ spend under review",Business Consulting and Services,"Kent, England, United Kingdom",Greater Barcelona Metropolitan Area,2 years 6 months in role,2 years 6 months in company,,,,,,1st,https://media.licdn.com/dms/image/v2/C4D03AQHjZDrU3OyKRg/profile-displayphoto-shrink_800_800/profile-displayphoto-shrink_800_800/0/1640445666365?e=1790208000&v=beta&t=14LsofOTl8xyH68s0K5m9U249cdLwJN3q0LPCqlNcso,8,Jorge Fernandez-Arguelles,ACwAAAApPYgBDSBDqdvTaFqjUj0F2Q6xuMqXINo,https://www.linkedin.com/in/ACwAAAApPYgBDSBDqdvTaFqjUj0F2Q6xuMqXINo/,FALSE,FALSE,https://www.linkedin.com/sales/search/people?query=(spellCorrectionEnabled%3Atrue%2CrecentSearchParam%3A(id%3A5872058290%2CdoLogHistory%3Atrue)%2Cfilters%3AList((type%3ARELATIONSHIP%2Cvalues%3AList((id%3AF%2Ctext%3A1st%2520degree%2520connections%2CselectionType%3AINCLUDED)))%2C(type%3AREGION%2Cvalues%3AList((id%3A102890719%2Ctext%3ANetherlands%2CselectionType%3AINCLUDED)%2C(id%3A101282230%2Ctext%3AGermany%2CselectionType%3AINCLUDED)%2C(id%3A106057199%2Ctext%3ABrazil%2CselectionType%3AINCLUDED)%2C(id%3A100364837%2Ctext%3APortugal%2CselectionType%3AINCLUDED)%2C(id%3A105646813%2Ctext%3ASpain%2CselectionType%3AINCLUDED)))%2C(type%3ASENIORITY_LEVEL%2Cvalues%3AList((id%3A310%2Ctext%3ACXO%2CselectionType%3AINCLUDED)%2C(id%3A320%2Ctext%3AOwner%2520%252F%2520Partner%2CselectionType%3AINCLUDED)%2C(id%3A300%2Ctext%3AVice%2520President%2CselectionType%3AINCLUDED)))%2C(type%3ACOMPANY_HEADCOUNT%2Cvalues%3AList((id%3AE%2Ctext%3A201-500%2CselectionType%3AINCLUDED)%2C(id%3AF%2Ctext%3A501-1000%2CselectionType%3AINCLUDED))))%2Ckeywords%3Afounder%2520OR%2520co-founder%2520OR%2520CEO%2520OR%2520chief%2520executive%2520officer%2520OR%2520owner%2520OR%2520managing%2520partner%2520OR%2520managing%2520director%2520OR%2520president%2520OR%2520group%2520CEO%2520OR%2520chief%2520operating%2520officer%2520OR%2520COO%2520OR%2520VP%2520operations%2520OR%2520operations%2520director%2520OR%2520operating%2520partner%2520OR%2520transformation%2520director%2520OR%2520VP%2520strategy%2520AND%2520%2522private%2520equity%2522%2520OR%2520%2522value%2520creation%2522%2520OR%2520P%2526L%2520OR%2520%2522multi-site%2522%2520OR%2520manufacturing%2520OR%2520%2522lean%2520six%2520sigma%2522%2520OR%2520turnaround%2520OR%2520%2522digital%2520transformation%2522)&sessionId=wjxQPTsFRC%2BOqJb1ihmyGg%3D%3D&viewAllFilters=true,2026-09-06T17:07:38.682Z,https://linkedin.com/in/jorgefernandezarguelles,573350508,Joey Moreau
"https://www.linkedin.com/sales/lead/ACwAAAKCXNEBD4Cgi0yCMqKOYNELMVjv0UiuaQ4,NAME_SEARCH,zFnN",Arnon Barnes,Arnon,Barnes,Arnon International,"Founder, CEO, Business & Success Mentor, Trainer and Coach",,,,"Financially Free by the age of 28, Arnon Barnes is a Serial Entrepreneur, Peak Performance Trainer, International Speaker and Business Mentor. He has successfully trained and mentored over 100 thousand people, primarily entrepreneurs from many different arenas of business, from over 65 different countries including Switzerland, Denmark, England, Germany, The Netherlands, Belgium and Israel to name a few.

Arnon Barnes is following his mission to help people grow, become successful, achieve their financial freedom and positively impact and change lives!

His personally developed mentoring programs have helped increase entrepreneurs' productivity, personal and business income as much as 40% in a matter of weeks.

Check out more on arnonbarnes.com

Specialties: Entrepreneurship, Business Development, Wealth Creation, Psychology of Success, Goal Setting, Personal Development, Leadership, Success

Do More, Be More, Live More!","As a Serial Entrepreneur and starting my first business at the age of 11, I’ve owned and sold company’s in retail, hospitality, real estate and coaching and training. My background allows me to connect with a broad spectrum of entrepreneurs, business owners and staff, enabling me to convey my real life experience to teachings others can learn from. 

My approach is simple, impactful and driven by creating results in record time. I’ve been blessed to work with thousands of people from all over the world and helped them create better businesses and abundant lives. 

If you’re interested in joining forces with me or to inquire about speaking, coaching or training, sent an e-mail to amanda@arnonbarnes.com or go to: http://arnonbarnes.com/",,,"Amsterdam, North Holland, Netherlands",12 years 9 months in role,12 years 9 months in company,21 Business Vision,,Founder,2011-2014,3 years,1st,https://media.licdn.com/dms/image/v2/D4E03AQFOXPmsuekO3w/profile-displayphoto-crop_800_800/B4EZmcxn3QGoAM-/0/1759271879440?e=1790208000&v=beta&t=meL03JGUcyWO1YWNELZiAMGQvru2KX_25n6_llu9B6A,64,Arnon Barnes,ACwAAAKCXNEBD4Cgi0yCMqKOYNELMVjv0UiuaQ4,https://www.linkedin.com/in/ACwAAAKCXNEBD4Cgi0yCMqKOYNELMVjv0UiuaQ4/,TRUE,FALSE,https://www.linkedin.com/sales/search/people?query=(spellCorrectionEnabled%3Atrue%2CrecentSearchParam%3A(id%3A5872058290%2CdoLogHistory%3Atrue)%2Cfilters%3AList((type%3ARELATIONSHIP%2Cvalues%3AList((id%3AF%2Ctext%3A1st%2520degree%2520connections%2CselectionType%3AINCLUDED)))%2C(type%3AREGION%2Cvalues%3AList((id%3A102890719%2Ctext%3ANetherlands%2CselectionType%3AINCLUDED)%2C(id%3A101282230%2Ctext%3AGermany%2CselectionType%3AINCLUDED)%2C(id%3A106057199%2Ctext%3ABrazil%2CselectionType%3AINCLUDED)%2C(id%3A100364837%2Ctext%3APortugal%2CselectionType%3AINCLUDED)%2C(id%3A105646813%2Ctext%3ASpain%2CselectionType%3AINCLUDED)))%2C(type%3ASENIORITY_LEVEL%2Cvalues%3AList((id%3A310%2Ctext%3ACXO%2CselectionType%3AINCLUDED)%2C(id%3A320%2Ctext%3AOwner%2520%252F%2520Partner%2CselectionType%3AINCLUDED)%2C(id%3A300%2Ctext%3AVice%2520President%2CselectionType%3AINCLUDED)))%2C(type%3ACOMPANY_HEADCOUNT%2Cvalues%3AList((id%3AE%2Ctext%3A201-500%2CselectionType%3AINCLUDED)%2C(id%3AF%2Ctext%3A501-1000%2CselectionType%3AINCLUDED))))%2Ckeywords%3Afounder%2520OR%2520co-founder%2520OR%2520CEO%2520OR%2520chief%2520executive%2520officer%2520OR%2520owner%2520OR%2520managing%2520partner%2520OR%2520managing%2520director%2520OR%2520president%2520OR%2520group%2520CEO%2520OR%2520chief%2520operating%2520officer%2520OR%2520COO%2520OR%2520VP%2520operations%2520OR%2520operations%2520director%2520OR%2520operating%2520partner%2520OR%2520transformation%2520director%2520OR%2520VP%2520strategy%2520AND%2520%2522private%2520equity%2522%2520OR%2520%2522value%2520creation%2522%2520OR%2520P%2526L%2520OR%2520%2522multi-site%2522%2520OR%2520manufacturing%2520OR%2520%2522lean%2520six%2520sigma%2522%2520OR%2520turnaround%2520OR%2520%2522digital%2520transformation%2522)&sessionId=wjxQPTsFRC%2BOqJb1ihmyGg%3D%3D&viewAllFilters=true,2026-09-06T17:07:38.682Z,https://linkedin.com/in/arnonbarnes,573350508,Joey Moreau
"https://www.linkedin.com/sales/lead/ACwAAAJ0Jv8BYMBRiAyqFaFBvgWJYIPAs7QQLZE,NAME_SEARCH,FwEl",Mylena Pierremont,Mylena,Pierremont,La French Tech,President French Tech Amsterdam,9300902,https://www.linkedin.com/sales/company/9300902,https://www.linkedin.com/company/9300902,"My career has taken me across three continents and eight countries, most recently to Amsterdam. Along the way, I have helped steer and scale global organisations such as P&G, Coty, and Philips—each with 10,000+ employees—while driving innovation across beauty, consumer goods, services, and more recently, technology. These experiences shaped my ability to govern complex organisations, anticipate disruption, and build long-term value through innovation.

I bring a dual lens to leadership and governance: emotional intelligence paired with analytical rigour. With a foundation in mathematics, econometrics, and financial strategy, I apply data-driven thinking to innovation, digital transformation, and purpose-led strategy. My approach centres on understanding the end user—an essential pillar for healthy, resilient, and future-proof businesses.

Recognising the rising influence of digital ecosystems on corporate reputation and stakeholder trust, I founded Connected Circles. In a world where social platforms actively shape public opinion and organisational legitimacy, board members and executives must engage authentically—not just broadcast. Connected Circles equips leaders to use technology strategically, strengthening stakeholder relationships and elevating organisational visibility. Over the past two years, our work has supported 200+ leadership mandates across four continents and generated over 11 million impressions.

Cross-industry exposure has been central to my governance mindset. Over the past decade, I have served on and advised multiple boards and organisations spanning consumer goods, services, technology, and private equity. This vantage point allows me to see systemic patterns, connect dots across sectors, and contribute foresight as well as oversight.

As a C-suite leader and a woman, I am committed to advancing inclusive governance. Through my roles as Co-Chair of Women Corporate Directors and President of La French Tech Amsterdam , I champion the next generation of innovative entrepreneurs and female leaders.

I welcome thoughtful exchanges on innovation, governance, and the future of leadership. You can reach me at mylena@connectedcircles.net","France is undergoing a startup renaissance driven by a new generation of entrepreneurs, investors, engineers, designers, and other talented people. It’s a new ‘Startup Republic’, home to vibrant tech hubs and a hotbed of talent, imbued with a strong enterprise culture. Since 2013, €200 million of public funding supports this movement. French startups are united and visible thanks to a single and powerful brand, La French Tech, both in France and abroad. ",Public Policy Offices,"Paris, Île-de-France, France","Amsterdam, North Holland, Netherlands",9 years 9 months in role,9 years 9 months in company,Ming Pai Consulting,,Founder & CEO,2008-2015,7 years,1st,https://media.licdn.com/dms/image/v2/D4E03AQGUpnRuTgirpg/profile-displayphoto-shrink_800_800/profile-displayphoto-shrink_800_800/0/1696792329221?e=1790208000&v=beta&t=py4ypltlrwRoYUMFhXBIu7zUDgDEgI6V9rTRGmaioxg,355,Mylena Pierremont,ACwAAAJ0Jv8BYMBRiAyqFaFBvgWJYIPAs7QQLZE,https://www.linkedin.com/in/ACwAAAJ0Jv8BYMBRiAyqFaFBvgWJYIPAs7QQLZE/,TRUE,FALSE,https://www.linkedin.com/sales/search/people?query=(spellCorrectionEnabled%3Atrue%2CrecentSearchParam%3A(id%3A5872058290%2CdoLogHistory%3Atrue)%2Cfilters%3AList((type%3ARELATIONSHIP%2Cvalues%3AList((id%3AF%2Ctext%3A1st%2520degree%2520connections%2CselectionType%3AINCLUDED)))%2C(type%3AREGION%2Cvalues%3AList((id%3A102890719%2Ctext%3ANetherlands%2CselectionType%3AINCLUDED)%2C(id%3A101282230%2Ctext%3AGermany%2CselectionType%3AINCLUDED)%2C(id%3A106057199%2Ctext%3ABrazil%2CselectionType%3AINCLUDED)%2C(id%3A100364837%2Ctext%3APortugal%2CselectionType%3AINCLUDED)%2C(id%3A105646813%2Ctext%3ASpain%2CselectionType%3AINCLUDED)))%2C(type%3ASENIORITY_LEVEL%2Cvalues%3AList((id%3A310%2Ctext%3ACXO%2CselectionType%3AINCLUDED)%2C(id%3A320%2Ctext%3AOwner%2520%252F%2520Partner%2CselectionType%3AINCLUDED)%2C(id%3A300%2Ctext%3AVice%2520President%2CselectionType%3AINCLUDED)))%2C(type%3ACOMPANY_HEADCOUNT%2Cvalues%3AList((id%3AE%2Ctext%3A201-500%2CselectionType%3AINCLUDED)%2C(id%3AF%2Ctext%3A501-1000%2CselectionType%3AINCLUDED))))%2Ckeywords%3Afounder%2520OR%2520co-founder%2520OR%2520CEO%2520OR%2520chief%2520executive%2520officer%2520OR%2520owner%2520OR%2520managing%2520partner%2520OR%2520managing%2520director%2520OR%2520president%2520OR%2520group%2520CEO%2520OR%2520chief%2520operating%2520officer%2520OR%2520COO%2520OR%2520VP%2520operations%2520OR%2520operations%2520director%2520OR%2520operating%2520partner%2520OR%2520transformation%2520director%2520OR%2520VP%2520strategy%2520AND%2520%2522private%2520equity%2522%2520OR%2520%2522value%2520creation%2522%2520OR%2520P%2526L%2520OR%2520%2522multi-site%2522%2520OR%2520manufacturing%2520OR%2520%2522lean%2520six%2520sigma%2522%2520OR%2520turnaround%2520OR%2520%2522digital%2520transformation%2522)&sessionId=wjxQPTsFRC%2BOqJb1ihmyGg%3D%3D&viewAllFilters=true,2026-09-06T17:07:38.682Z,https://linkedin.com/in/mylena-pierremont,573350508,Joey Moreau
"https://www.linkedin.com/sales/lead/ACwAAAAOc_EBSGyldzazyLfedVkDTnCzRBAhvEA,NAME_SEARCH,73mT",Wytze R.H. Rijkmans,Wytze R.H.,Rijkmans,Plat4mation,Chief Revenue Officer (CRO),3474915,https://www.linkedin.com/sales/company/3474915,https://www.linkedin.com/company/3474915,"I strongly believe that real growth happens where people, purpose, and innovation meet. In my new role as Chief Revenue Officer at Plat4mation, I’m excited to help shape that intersection — bringing together our global teams, our customers, and the powerful possibilities of ServiceNow.

For me, revenue isn’t just about numbers; it’s about creating momentum. It’s about building trust with customers, empowering people to do their best work, and aligning strategy with genuine impact. At Plat4mation, that means driving digital transformation in a way that is human, practical, and sustainable.
What energizes me most is the chance to: 
Inspire and grow high-performing teams across sales, marketing, and customer success.
Partner closely with customers to co-create value and lasting relationships.
Scale our business by staying curious, bold, and people-first.

I’m convinced that the future of work depends on how well we blend technology with human creativity. And I’m proud to be part of a company that makes that future a reality every day.

As Vice President at Tanium, with over five years in this role, the focus has been on enabling organizations to gain unparalleled visibility and control across their IT environments. By leveraging Tanium’s unified endpoint management and security platform, the team empowers enterprises to navigate complex IT landscapes, reduce costs, and accelerate business outcomes.  

Previously, as Managing Director at ServiceNow, contributions centered on helping enterprises streamline operations through scalable cloud-based service models. Core competencies include fostering high-performance teams, building strategic partnerships, and driving cross-border growth. Dedicated to creating environments where talent thrives and solutions deliver measurable impact.","Excited to share that I will be driving strategic revenue initiatives at Plat4mation! 🌍🚀 Working with teams across the globe on go-to-market strategies, we are empowering organizations to streamline their workflows and boost employee satisfaction using the ServiceNow platform. By leveraging our unique approach to digital transformation, I ensure our solutions are not only effective but also tailored to meet the specific needs of our clients, maximizing their outcomes. Looking forward to what we can achieve together!
#DigitalTransformation #ServiceNow #GlobalTeams #StrategicInitiatives #EmployeeSatisfaction #WorkflowOptimization",IT Services and IT Consulting,"Utrecht, Utrecht, Netherlands","Harderwijk, Gelderland, Netherlands",1 year 2 months in role,1 year 2 months in company,RijNij Wolderwijd BV - 3 dotzero,https://www.linkedin.com/company/2447003,Managing Director-CoFounder,2005-02/2020,15 years 1 month,1st,https://media.licdn.com/dms/image/v2/C4E03AQEBiaxpCOFoCg/profile-displayphoto-shrink_800_800/profile-displayphoto-shrink_800_800/0/1581962396612?e=1790208000&v=beta&t=nWWo3v_b-EwsGBcM7Zt4KamCvzn_6RhQJbT2iGBwh4k,43,Wytze R.H. Rijkmans,ACwAAAAOc_EBSGyldzazyLfedVkDTnCzRBAhvEA,https://www.linkedin.com/in/ACwAAAAOc_EBSGyldzazyLfedVkDTnCzRBAhvEA/,TRUE,FALSE,https://www.linkedin.com/sales/search/people?query=(spellCorrectionEnabled%3Atrue%2CrecentSearchParam%3A(id%3A5872058290%2CdoLogHistory%3Atrue)%2Cfilters%3AList((type%3ARELATIONSHIP%2Cvalues%3AList((id%3AF%2Ctext%3A1st%2520degree%2520connections%2CselectionType%3AINCLUDED)))%2C(type%3AREGION%2Cvalues%3AList((id%3A102890719%2Ctext%3ANetherlands%2CselectionType%3AINCLUDED)%2C(id%3A101282230%2Ctext%3AGermany%2CselectionType%3AINCLUDED)%2C(id%3A106057199%2Ctext%3ABrazil%2CselectionType%3AINCLUDED)%2C(id%3A100364837%2Ctext%3APortugal%2CselectionType%3AINCLUDED)%2C(id%3A105646813%2Ctext%3ASpain%2CselectionType%3AINCLUDED)))%2C(type%3ASENIORITY_LEVEL%2Cvalues%3AList((id%3A310%2Ctext%3ACXO%2CselectionType%3AINCLUDED)%2C(id%3A320%2Ctext%3AOwner%2520%252F%2520Partner%2CselectionType%3AINCLUDED)%2C(id%3A300%2Ctext%3AVice%2520President%2CselectionType%3AINCLUDED)))%2C(type%3ACOMPANY_HEADCOUNT%2Cvalues%3AList((id%3AE%2Ctext%3A201-500%2CselectionType%3AINCLUDED)%2C(id%3AF%2Ctext%3A501-1000%2CselectionType%3AINCLUDED))))%2Ckeywords%3Afounder%2520OR%2520co-founder%2520OR%2520CEO%2520OR%2520chief%2520executive%2520officer%2520OR%2520owner%2520OR%2520managing%2520partner%2520OR%2520managing%2520director%2520OR%2520president%2520OR%2520group%2520CEO%2520OR%2520chief%2520operating%2520officer%2520OR%2520COO%2520OR%2520VP%2520operations%2520OR%2520operations%2520director%2520OR%2520operating%2520partner%2520OR%2520transformation%2520director%2520OR%2520VP%2520strategy%2520AND%2520%2522private%2520equity%2522%2520OR%2520%2522value%2520creation%2522%2520OR%2520P%2526L%2520OR%2520%2522multi-site%2522%2520OR%2520manufacturing%2520OR%2520%2522lean%2520six%2520sigma%2522%2520OR%2520turnaround%2520OR%2520%2522digital%2520transformation%2522)&sessionId=wjxQPTsFRC%2BOqJb1ihmyGg%3D%3D&viewAllFilters=true,2026-09-06T17:07:38.682Z,https://linkedin.com/in/wytzerijkmans,573350508,Joey Moreau
"https://www.linkedin.com/sales/lead/ACwAAAI0BpABdw3R8gNYI46WP06iEUo0BbvkwvA,NAME_SEARCH,1gFy",Frister Haveman,Frister,Haveman,Gain,Co-Founder & Co-CEO,29118753,https://www.linkedin.com/sales/company/29118753,https://www.linkedin.com/company/29118753,,,Venture Capital and Private Equity Principals,"New York, New York, United States","Amsterdam, North Holland, Netherlands",8 years 3 months in role,8 years 3 months in company,,,,,,1st,https://media.licdn.com/dms/image/v2/D4E03AQFHYnMGerjuOA/profile-displayphoto-shrink_800_800/B4EZWy7QCrG0Ac-/0/1742463632109?e=1790208000&v=beta&t=o1E4Fuq8NsbumXm4uwmYYifvXn4IS7nAYoU6dllnMNQ,104,Frister Haveman,ACwAAAI0BpABdw3R8gNYI46WP06iEUo0BbvkwvA,https://www.linkedin.com/in/ACwAAAI0BpABdw3R8gNYI46WP06iEUo0BbvkwvA/,TRUE,FALSE,https://www.linkedin.com/sales/search/people?query=(spellCorrectionEnabled%3Atrue%2CrecentSearchParam%3A(id%3A5872058290%2CdoLogHistory%3Atrue)%2Cfilters%3AList((type%3ARELATIONSHIP%2Cvalues%3AList((id%3AF%2Ctext%3A1st%2520degree%2520connections%2CselectionType%3AINCLUDED)))%2C(type%3AREGION%2Cvalues%3AList((id%3A102890719%2Ctext%3ANetherlands%2CselectionType%3AINCLUDED)%2C(id%3A101282230%2Ctext%3AGermany%2CselectionType%3AINCLUDED)%2C(id%3A106057199%2Ctext%3ABrazil%2CselectionType%3AINCLUDED)%2C(id%3A100364837%2Ctext%3APortugal%2CselectionType%3AINCLUDED)%2C(id%3A105646813%2Ctext%3ASpain%2CselectionType%3AINCLUDED)))%2C(type%3ASENIORITY_LEVEL%2Cvalues%3AList((id%3A310%2Ctext%3ACXO%2CselectionType%3AINCLUDED)%2C(id%3A320%2Ctext%3AOwner%2520%252F%2520Partner%2CselectionType%3AINCLUDED)%2C(id%3A300%2Ctext%3AVice%2520President%2CselectionType%3AINCLUDED)))%2C(type%3ACOMPANY_HEADCOUNT%2Cvalues%3AList((id%3AE%2Ctext%3A201-500%2CselectionType%3AINCLUDED)%2C(id%3AF%2Ctext%3A501-1000%2CselectionType%3AINCLUDED))))%2Ckeywords%3Afounder%2520OR%2520co-founder%2520OR%2520CEO%2520OR%2520chief%2520executive%2520officer%2520OR%2520owner%2520OR%2520managing%2520partner%2520OR%2520managing%2520director%2520OR%2520president%2520OR%2520group%2520CEO%2520OR%2520chief%2520operating%2520officer%2520OR%2520COO%2520OR%2520VP%2520operations%2520OR%2520operations%2520director%2520OR%2520operating%2520partner%2520OR%2520transformation%2520director%2520OR%2520VP%2520strategy%2520AND%2520%2522private%2520equity%2522%2520OR%2520%2522value%2520creation%2522%2520OR%2520P%2526L%2520OR%2520%2522multi-site%2522%2520OR%2520manufacturing%2520OR%2520%2522lean%2520six%2520sigma%2522%2520OR%2520turnaround%2520OR%2520%2522digital%2520transformation%2522)&sessionId=wjxQPTsFRC%2BOqJb1ihmyGg%3D%3D&viewAllFilters=true,2026-09-06T17:07:38.682Z,https://linkedin.com/in/fristerhaveman,573350508,Joey Moreau
"https://www.linkedin.com/sales/lead/ACwAAAANcdEBbdPKCr529mIPqrkHD4Wjh7vOdh4,NAME_SEARCH,7EwN",Gert Stuerzebecher,Gert,Stuerzebecher,True Search,Partner,2550806,https://www.linkedin.com/sales/company/2550806,https://www.linkedin.com/company/2550806,"Executive search & talent management advisor with international work and management experience

Focus on Digital, Tech, High Growth, Media, Industry and Professional Services

Management experience from top executive positions in blue chip corporations

High level consulting experience (practice building and practice management, regional leadership, M&A)

Academic experience as Assistant Professor, Lecturer and Research Fellow (Psychology, Talent Management)

(Angel-) Investor in digital start-ups; scale-ups and in real estate assets (focus on special opportunities)

Based in Berlin (D) and in Milano/Lugano (I, CH)","True is a global retained executive search firm working with some of the most innovative technology companies and forward thinking investors in the world. We combine deep experience with a transparent, data-driven approach to place world class board directors, C-suite and director level executives for high growth tech companies, as well as proven investment professionals for venture capital and private equity firms.

Working in both the private and public sectors, True has offices throughout the U.S, EMEA and APAC. Since the late 1990s, the firm has refined a unique search process with a precise blend of data-centric insights, relationship-building, and experience to produce an unparalleled methodology that consistently improves hiring decisions and accelerates growth.
see less

My search work is focussed on C-level and strategic positions in Digital and Technology, Media, Telco, Industry, Professional Services, Consumer Goods, Retail and Real Estate.

As a global citizen with European roots and a German passport, I lead domestic (D/A/CH), international and global projects with a focus on EMEA.",Executive Search Services,"Philadelphia, Pennsylvania, United States",Germany,6 years 10 months in role,6 years 10 months in company,CTPartners,https://www.linkedin.com/company/8672,Managing Partner,01/2013-10/2015,2 years 9 months,1st,https://media.licdn.com/dms/image/v2/D4D03AQF0cNgXpXtiIg/profile-displayphoto-crop_800_800/B4DZ7HpPQHK8AI-/0/1781465938572?e=1790208000&v=beta&t=-Vrq3U-ZysmQCYgjAWKzNFKok4NO3Tbol3U0OTmkXso,22,Gert Stuerzebecher,ACwAAAANcdEBbdPKCr529mIPqrkHD4Wjh7vOdh4,https://www.linkedin.com/in/ACwAAAANcdEBbdPKCr529mIPqrkHD4Wjh7vOdh4/,TRUE,FALSE,https://www.linkedin.com/sales/search/people?query=(spellCorrectionEnabled%3Atrue%2CrecentSearchParam%3A(id%3A5872058290%2CdoLogHistory%3Atrue)%2Cfilters%3AList((type%3ARELATIONSHIP%2Cvalues%3AList((id%3AF%2Ctext%3A1st%2520degree%2520connections%2CselectionType%3AINCLUDED)))%2C(type%3AREGION%2Cvalues%3AList((id%3A102890719%2Ctext%3ANetherlands%2CselectionType%3AINCLUDED)%2C(id%3A101282230%2Ctext%3AGermany%2CselectionType%3AINCLUDED)%2C(id%3A106057199%2Ctext%3ABrazil%2CselectionType%3AINCLUDED)%2C(id%3A100364837%2Ctext%3APortugal%2CselectionType%3AINCLUDED)%2C(id%3A105646813%2Ctext%3ASpain%2CselectionType%3AINCLUDED)))%2C(type%3ASENIORITY_LEVEL%2Cvalues%3AList((id%3A310%2Ctext%3ACXO%2CselectionType%3AINCLUDED)%2C(id%3A320%2Ctext%3AOwner%2520%252F%2520Partner%2CselectionType%3AINCLUDED)%2C(id%3A300%2Ctext%3AVice%2520President%2CselectionType%3AINCLUDED)))%2C(type%3ACOMPANY_HEADCOUNT%2Cvalues%3AList((id%3AE%2Ctext%3A201-500%2CselectionType%3AINCLUDED)%2C(id%3AF%2Ctext%3A501-1000%2CselectionType%3AINCLUDED))))%2Ckeywords%3Afounder%2520OR%2520co-founder%2520OR%2520CEO%2520OR%2520chief%2520executive%2520officer%2520OR%2520owner%2520OR%2520managing%2520partner%2520OR%2520managing%2520director%2520OR%2520president%2520OR%2520group%2520CEO%2520OR%2520chief%2520operating%2520officer%2520OR%2520COO%2520OR%2520VP%2520operations%2520OR%2520operations%2520director%2520OR%2520operating%2520partner%2520OR%2520transformation%2520director%2520OR%2520VP%2520strategy%2520AND%2520%2522private%2520equity%2522%2520OR%2520%2522value%2520creation%2522%2520OR%2520P%2526L%2520OR%2520%2522multi-site%2522%2520OR%2520manufacturing%2520OR%2520%2522lean%2520six%2520sigma%2522%2520OR%2520turnaround%2520OR%2520%2522digital%2520transformation%2522)&sessionId=wjxQPTsFRC%2BOqJb1ihmyGg%3D%3D&viewAllFilters=true,2026-09-06T17:07:38.682Z,https://linkedin.com/in/stuerzebecher,573350508,Joey Moreau
"https://www.linkedin.com/sales/lead/ACwAAACA_XcBmdcmdgG-MpmcZfrupvK0lvQ2oDQ,NAME_SEARCH,lm4z",Rishi Lodhia,Rishi,Lodhia,"Eagle Eye Networks, Inc.",Managing Director,3158433,https://www.linkedin.com/sales/company/3158433,https://www.linkedin.com/company/3158433,,Eagle Eye Networks is the world’s first global cloud video surveillance company. The Eagle Eye Cloud Security Camera VMS with the Eagle Eye CameraManager and Eagle Eye NuboCam provides Eagle Eye dealers the broadest product line available from any cloud video provider in the world.,IT Services and IT Consulting,"Austin, Texas, United States","Amsterdam, North Holland, Netherlands",9 years 4 months in role,9 years 4 months in company,Panasonic Cloud Management Service Europe,https://www.linkedin.com/company/1508887,CEO,07/2013-06/2017,3 years 11 months,1st,https://media.licdn.com/dms/image/v2/C4D03AQFBJy_-gqIZIg/profile-displayphoto-shrink_800_800/profile-displayphoto-shrink_800_800/0/1632407765256?e=1790208000&v=beta&t=diIVAS8RW5Pc7cR2fixNO2GiHGR9AfqqUmQm_d_qWrQ,137,Rishi Lodhia,ACwAAACA_XcBmdcmdgG-MpmcZfrupvK0lvQ2oDQ,https://www.linkedin.com/in/ACwAAACA_XcBmdcmdgG-MpmcZfrupvK0lvQ2oDQ/,TRUE,FALSE,https://www.linkedin.com/sales/search/people?query=(spellCorrectionEnabled%3Atrue%2CrecentSearchParam%3A(id%3A5872058290%2CdoLogHistory%3Atrue)%2Cfilters%3AList((type%3ARELATIONSHIP%2Cvalues%3AList((id%3AF%2Ctext%3A1st%2520degree%2520connections%2CselectionType%3AINCLUDED)))%2C(type%3AREGION%2Cvalues%3AList((id%3A102890719%2Ctext%3ANetherlands%2CselectionType%3AINCLUDED)%2C(id%3A101282230%2Ctext%3AGermany%2CselectionType%3AINCLUDED)%2C(id%3A106057199%2Ctext%3ABrazil%2CselectionType%3AINCLUDED)%2C(id%3A100364837%2Ctext%3APortugal%2CselectionType%3AINCLUDED)%2C(id%3A105646813%2Ctext%3ASpain%2CselectionType%3AINCLUDED)))%2C(type%3ASENIORITY_LEVEL%2Cvalues%3AList((id%3A310%2Ctext%3ACXO%2CselectionType%3AINCLUDED)%2C(id%3A320%2Ctext%3AOwner%2520%252F%2520Partner%2CselectionType%3AINCLUDED)%2C(id%3A300%2Ctext%3AVice%2520President%2CselectionType%3AINCLUDED)))%2C(type%3ACOMPANY_HEADCOUNT%2Cvalues%3AList((id%3AE%2Ctext%3A201-500%2CselectionType%3AINCLUDED)%2C(id%3AF%2Ctext%3A501-1000%2CselectionType%3AINCLUDED))))%2Ckeywords%3Afounder%2520OR%2520co-founder%2520OR%2520CEO%2520OR%2520chief%2520executive%2520officer%2520OR%2520owner%2520OR%2520managing%2520partner%2520OR%2520managing%2520director%2520OR%2520president%2520OR%2520group%2520CEO%2520OR%2520chief%2520operating%2520officer%2520OR%2520COO%2520OR%2520VP%2520operations%2520OR%2520operations%2520director%2520OR%2520operating%2520partner%2520OR%2520transformation%2520director%2520OR%2520VP%2520strategy%2520AND%2520%2522private%2520equity%2522%2520OR%2520%2522value%2520creation%2522%2520OR%2520P%2526L%2520OR%2520%2522multi-site%2522%2520OR%2520manufacturing%2520OR%2520%2522lean%2520six%2520sigma%2522%2520OR%2520turnaround%2520OR%2520%2522digital%2520transformation%2522)&sessionId=wjxQPTsFRC%2BOqJb1ihmyGg%3D%3D&viewAllFilters=true,2026-09-06T17:07:38.682Z,https://linkedin.com/in/rishilodhia,573350508,Joey Moreau
"https://www.linkedin.com/sales/lead/ACwAAAFO_lEBwYCcoLDV665gBxPRJwK7Sd9WkfM,NAME_SEARCH,Pou_",Anne-Mart Agerbeek - Cox,Anne-Mart,Agerbeek - Cox,Vekoma Rides,CEO,150190,https://www.linkedin.com/sales/company/150190,https://www.linkedin.com/company/150190,,"Vekoma Rides (www.vekoma.com) is one of the world’s leading and most innovative roller coaster manufacturers. We specialize in the development, manufacturing, installation and after sales of roller coasters and special attractions for mainly theme and amusement parks.
In addition to an extensive portfolio that ranges from family to thrill rides, Vekoma is continuously working on custom projects in close co-operation with a wide range of international clients.",Industrial Machinery Manufacturing,Netherlands,"Vught, North Brabant, Netherlands",2 years 9 months in role,7 years 11 months in company,,,,,,1st,https://media.licdn.com/dms/image/v2/D4E03AQHwAOqBK_6tDQ/profile-displayphoto-shrink_800_800/profile-displayphoto-shrink_800_800/0/1699299570211?e=1790208000&v=beta&t=2T3BnSLiwE-f2kbXfwvuimxXpmEtr5ZmTs0W3x0i0Ic,21,Anne-Mart Agerbeek - Cox,ACwAAAFO_lEBwYCcoLDV665gBxPRJwK7Sd9WkfM,https://www.linkedin.com/in/ACwAAAFO_lEBwYCcoLDV665gBxPRJwK7Sd9WkfM/,TRUE,FALSE,https://www.linkedin.com/sales/search/people?query=(spellCorrectionEnabled%3Atrue%2CrecentSearchParam%3A(id%3A5872058290%2CdoLogHistory%3Atrue)%2Cfilters%3AList((type%3ARELATIONSHIP%2Cvalues%3AList((id%3AF%2Ctext%3A1st%2520degree%2520connections%2CselectionType%3AINCLUDED)))%2C(type%3AREGION%2Cvalues%3AList((id%3A102890719%2Ctext%3ANetherlands%2CselectionType%3AINCLUDED)%2C(id%3A101282230%2Ctext%3AGermany%2CselectionType%3AINCLUDED)%2C(id%3A106057199%2Ctext%3ABrazil%2CselectionType%3AINCLUDED)%2C(id%3A100364837%2Ctext%3APortugal%2CselectionType%3AINCLUDED)%2C(id%3A105646813%2Ctext%3ASpain%2CselectionType%3AINCLUDED)))%2C(type%3ASENIORITY_LEVEL%2Cvalues%3AList((id%3A310%2Ctext%3ACXO%2CselectionType%3AINCLUDED)%2C(id%3A320%2Ctext%3AOwner%2520%252F%2520Partner%2CselectionType%3AINCLUDED)%2C(id%3A300%2Ctext%3AVice%2520President%2CselectionType%3AINCLUDED)))%2C(type%3ACOMPANY_HEADCOUNT%2Cvalues%3AList((id%3AE%2Ctext%3A201-500%2CselectionType%3AINCLUDED)%2C(id%3AF%2Ctext%3A501-1000%2CselectionType%3AINCLUDED))))%2Ckeywords%3Afounder%2520OR%2520co-founder%2520OR%2520CEO%2520OR%2520chief%2520executive%2520officer%2520OR%2520owner%2520OR%2520managing%2520partner%2520OR%2520managing%2520director%2520OR%2520president%2520OR%2520group%2520CEO%2520OR%2520chief%2520operating%2520officer%2520OR%2520COO%2520OR%2520VP%2520operations%2520OR%2520operations%2520director%2520OR%2520operating%2520partner%2520OR%2520transformation%2520director%2520OR%2520VP%2520strategy%2520AND%2520%2522private%2520equity%2522%2520OR%2520%2522value%2520creation%2522%2520OR%2520P%2526L%2520OR%2520%2522multi-site%2522%2520OR%2520manufacturing%2520OR%2520%2522lean%2520six%2520sigma%2522%2520OR%2520turnaround%2520OR%2520%2522digital%2520transformation%2522)&sessionId=wjxQPTsFRC%2BOqJb1ihmyGg%3D%3D&viewAllFilters=true,2026-09-06T17:07:38.682Z,https://linkedin.com/in/annemart,573350508,Joey Moreau
"https://www.linkedin.com/sales/lead/ACwAAABKB7sBv5FtTMinmy0WAqCwVaNcuD8ynoc,NAME_SEARCH,0yKz",Tom Beltman,Tom,Beltman,Marktlink Fusies & Overnames B.V.,Owner,267517,https://www.linkedin.com/sales/company/267517,https://www.linkedin.com/company/267517,"Marktlink: The Leading Independent M&A Specialist for SMEs in Europe.
Marktlink is a premier independent M&A advisor, specializing in small and medium-sized enterprises (SMEs). We provide expert guidance to entrepreneurs in Mergers & Acquisitions, Valuations, Debt, Management Buy-Outs (MBOs), Buy-Ins (MBIs), Transaction Services, M&A legal and Pre-exit Planning.

With over 150 successful transactions annually, our 350+ professionals work from offices in Rotterdam, Amsterdam, Deventer, Maastricht, Hengelo, Leek, and ‘s-Hertogenbosch. Internationally, we operate in Antwerp, Hamburg, Warsaw, Zurich, London, Birmingham, Copenhagen, Manchester, and Düsseldorf.

Looking to buy or sell a company? Contact us at +31 (0) 20 470 93 74 or via info@marktlink.com.

Marktlink Exit Ready
Through Marktlink Exit Ready, we help entrepreneurs prepare their business for a successful sale. This program focuses on optimizing value drivers, strengthening financials, and ensuring operational readiness to maximize the sale price and appeal to buyers. Our experts provide personalized advice throughout the process, allowing business owners to approach the market confidently and strategically.

Marktlink Capital: Exclusive Investment Opportunities
Marktlink also offers exclusive investment opportunities through Marktlink Capital, a fund-of-funds program. You can co-invest with Europe’s top private equity funds, with investments starting from €250,000. Our experts build diversified or tailor-made portfolios to suit your goals.

For more information, visit www.marktlinkcapital.com.","Marktlink is the leading independent M&A-specialist for small and medium sized enterprises (SMEs) in the Netherlands, Belgium, Switserland, Poland, Denmark, United Kingdom & Germany.

Marktlink assists entrepreneurs with:
Mergers | Acquisitions | Valuations | Debt | Transaction Services | M&A Legal | Management Buy-Outs (MBO) and Buy-Ins (MBI)",Financial Services,"Amsterdam, North Holland, Netherlands","The Randstad, Netherlands",24 years 8 months in role,24 years 8 months in company,,,,,,1st,https://media.licdn.com/dms/image/v2/D4E03AQEGAy-v1pS7JA/profile-displayphoto-shrink_800_800/profile-displayphoto-shrink_800_800/0/1666790404205?e=1790208000&v=beta&t=PnucMGfKukDSJcghTIy0u7L4OLQD7jcNvpazioMYkO8,167,Tom Beltman,ACwAAABKB7sBv5FtTMinmy0WAqCwVaNcuD8ynoc,https://www.linkedin.com/in/ACwAAABKB7sBv5FtTMinmy0WAqCwVaNcuD8ynoc/,FALSE,FALSE,https://www.linkedin.com/sales/search/people?query=(spellCorrectionEnabled%3Atrue%2CrecentSearchParam%3A(id%3A5872058290%2CdoLogHistory%3Atrue)%2Cfilters%3AList((type%3ARELATIONSHIP%2Cvalues%3AList((id%3AF%2Ctext%3A1st%2520degree%2520connections%2CselectionType%3AINCLUDED)))%2C(type%3AREGION%2Cvalues%3AList((id%3A102890719%2Ctext%3ANetherlands%2CselectionType%3AINCLUDED)%2C(id%3A101282230%2Ctext%3AGermany%2CselectionType%3AINCLUDED)%2C(id%3A106057199%2Ctext%3ABrazil%2CselectionType%3AINCLUDED)%2C(id%3A100364837%2Ctext%3APortugal%2CselectionType%3AINCLUDED)%2C(id%3A105646813%2Ctext%3ASpain%2CselectionType%3AINCLUDED)))%2C(type%3ASENIORITY_LEVEL%2Cvalues%3AList((id%3A310%2Ctext%3ACXO%2CselectionType%3AINCLUDED)%2C(id%3A320%2Ctext%3AOwner%2520%252F%2520Partner%2CselectionType%3AINCLUDED)%2C(id%3A300%2Ctext%3AVice%2520President%2CselectionType%3AINCLUDED)))%2C(type%3ACOMPANY_HEADCOUNT%2Cvalues%3AList((id%3AE%2Ctext%3A201-500%2CselectionType%3AINCLUDED)%2C(id%3AF%2Ctext%3A501-1000%2CselectionType%3AINCLUDED))))%2Ckeywords%3Afounder%2520OR%2520co-founder%2520OR%2520CEO%2520OR%2520chief%2520executive%2520officer%2520OR%2520owner%2520OR%2520managing%2520partner%2520OR%2520managing%2520director%2520OR%2520president%2520OR%2520group%2520CEO%2520OR%2520chief%2520operating%2520officer%2520OR%2520COO%2520OR%2520VP%2520operations%2520OR%2520operations%2520director%2520OR%2520operating%2520partner%2520OR%2520transformation%2520director%2520OR%2520VP%2520strategy%2520AND%2520%2522private%2520equity%2522%2520OR%2520%2522value%2520creation%2522%2520OR%2520P%2526L%2520OR%2520%2522multi-site%2522%2520OR%2520manufacturing%2520OR%2520%2522lean%2520six%2520sigma%2522%2520OR%2520turnaround%2520OR%2520%2522digital%2520transformation%2522)&sessionId=wjxQPTsFRC%2BOqJb1ihmyGg%3D%3D&viewAllFilters=true,2026-09-06T17:07:38.682Z,https://linkedin.com/in/tombeltman,573350508,Joey Moreau
"https://www.linkedin.com/sales/lead/ACwAAACnc8gBqrlN4S0Vevz217yTv9hJrMugvFs,NAME_SEARCH,PCtB",Hans Kwa,Hans,Kwa,Spotzer Digital,Chief Financial Officer,53559,https://www.linkedin.com/sales/company/53559,https://www.linkedin.com/company/53559,"Experienced and result driven financial executive (RC) with a strong focus on execution. Proven track record as CFO in mid-size/large business services companies and scale-ups. Entrepreneur. Committed financial execution manager. 

Experienced in performing in-house roles and consulting oriented assignments. Self-starter and quick learner. Data-driven. Strong analytical and financial base blended with commercial business drive and good people management skills. Strong communicator and excellent presentation skills. Get things done attitude with a good sense of humour.

Specialties: financial business analysis, business planning, driving profitable growth, online monetization, cash management, costs control, performance management, restructuring, refinancing, transition, finance management, embedding structure and professionalism.","Spearheading Spotzer Digital's global financial operations: Spotzer Digital BV Netherlands and Australia, Spotzer Media Inc USA.
Spotzer Digital is a leading, award winning, AI driven digital marketing technology provider. 
Fully cloud enabled, we deliver results for enterprise partners, platforms, mid tier & SMB customers.",IT Services and IT Consulting,"Amsterdam, North Holland, Netherlands","Amsterdam, North Holland, Netherlands",5 years 4 months in role,5 years 4 months in company,YellowBees,https://www.linkedin.com/company/9440831,Managing Partner & Founder,09/2014-07/2022,7 years 10 months,1st,https://media.licdn.com/dms/image/v2/D4E03AQH6GnaJ5szXAg/profile-displayphoto-shrink_800_800/profile-displayphoto-shrink_800_800/0/1697791776626?e=1790208000&v=beta&t=bqg8gfQJBa3-fbE8rHE1dYJA6eY2gl3zrrRF-ns6KFE,34,Hans Kwa,ACwAAACnc8gBqrlN4S0Vevz217yTv9hJrMugvFs,https://www.linkedin.com/in/ACwAAACnc8gBqrlN4S0Vevz217yTv9hJrMugvFs/,FALSE,FALSE,https://www.linkedin.com/sales/search/people?query=(spellCorrectionEnabled%3Atrue%2CrecentSearchParam%3A(id%3A5872058290%2CdoLogHistory%3Atrue)%2Cfilters%3AList((type%3ARELATIONSHIP%2Cvalues%3AList((id%3AF%2Ctext%3A1st%2520degree%2520connections%2CselectionType%3AINCLUDED)))%2C(type%3AREGION%2Cvalues%3AList((id%3A102890719%2Ctext%3ANetherlands%2CselectionType%3AINCLUDED)%2C(id%3A101282230%2Ctext%3AGermany%2CselectionType%3AINCLUDED)%2C(id%3A106057199%2Ctext%3ABrazil%2CselectionType%3AINCLUDED)%2C(id%3A100364837%2Ctext%3APortugal%2CselectionType%3AINCLUDED)%2C(id%3A105646813%2Ctext%3ASpain%2CselectionType%3AINCLUDED)))%2C(type%3ASENIORITY_LEVEL%2Cvalues%3AList((id%3A310%2Ctext%3ACXO%2CselectionType%3AINCLUDED)%2C(id%3A320%2Ctext%3AOwner%2520%252F%2520Partner%2CselectionType%3AINCLUDED)%2C(id%3A300%2Ctext%3AVice%2520President%2CselectionType%3AINCLUDED)))%2C(type%3ACOMPANY_HEADCOUNT%2Cvalues%3AList((id%3AE%2Ctext%3A201-500%2CselectionType%3AINCLUDED)%2C(id%3AF%2Ctext%3A501-1000%2CselectionType%3AINCLUDED))))%2Ckeywords%3Afounder%2520OR%2520co-founder%2520OR%2520CEO%2520OR%2520chief%2520executive%2520officer%2520OR%2520owner%2520OR%2520managing%2520partner%2520OR%2520managing%2520director%2520OR%2520president%2520OR%2520group%2520CEO%2520OR%2520chief%2520operating%2520officer%2520OR%2520COO%2520OR%2520VP%2520operations%2520OR%2520operations%2520director%2520OR%2520operating%2520partner%2520OR%2520transformation%2520director%2520OR%2520VP%2520strategy%2520AND%2520%2522private%2520equity%2522%2520OR%2520%2522value%2520creation%2522%2520OR%2520P%2526L%2520OR%2520%2522multi-site%2522%2520OR%2520manufacturing%2520OR%2520%2522lean%2520six%2520sigma%2522%2520OR%2520turnaround%2520OR%2520%2522digital%2520transformation%2522)&sessionId=wjxQPTsFRC%2BOqJb1ihmyGg%3D%3D&viewAllFilters=true,2026-09-06T17:07:38.682Z,https://linkedin.com/in/hanskwa,573350508,Joey Moreau
"https://www.linkedin.com/sales/lead/ACwAAAasLmQB072OmSM4Usb2IMVxxtrUOfcBRP4,NAME_SEARCH,k4aL",Michel Akerboom,Michel,Akerboom,Hiltermann Lease,Chief Executive Officer,908069,https://www.linkedin.com/sales/company/908069,https://www.linkedin.com/company/908069,,,Financial Services,"Hoofddorp, North Holland, Netherlands","Hoofddorp, North Holland, Netherlands",8 years 4 months in role,12 years 9 months in company,,,,,,1st,https://media.licdn.com/dms/image/v2/C4E03AQFUVtypEJu6qg/profile-displayphoto-shrink_800_800/profile-displayphoto-shrink_800_800/0/1632817221514?e=1790208000&v=beta&t=ctIvOwarKEJmEmWwrVvjMM34aqeG8q0Ff6B9nbg4uhs,81,Michel Akerboom,ACwAAAasLmQB072OmSM4Usb2IMVxxtrUOfcBRP4,https://www.linkedin.com/in/ACwAAAasLmQB072OmSM4Usb2IMVxxtrUOfcBRP4/,TRUE,FALSE,https://www.linkedin.com/sales/search/people?query=(spellCorrectionEnabled%3Atrue%2CrecentSearchParam%3A(id%3A5872058290%2CdoLogHistory%3Atrue)%2Cfilters%3AList((type%3ARELATIONSHIP%2Cvalues%3AList((id%3AF%2Ctext%3A1st%2520degree%2520connections%2CselectionType%3AINCLUDED)))%2C(type%3AREGION%2Cvalues%3AList((id%3A102890719%2Ctext%3ANetherlands%2CselectionType%3AINCLUDED)%2C(id%3A101282230%2Ctext%3AGermany%2CselectionType%3AINCLUDED)%2C(id%3A106057199%2Ctext%3ABrazil%2CselectionType%3AINCLUDED)%2C(id%3A100364837%2Ctext%3APortugal%2CselectionType%3AINCLUDED)%2C(id%3A105646813%2Ctext%3ASpain%2CselectionType%3AINCLUDED)))%2C(type%3ASENIORITY_LEVEL%2Cvalues%3AList((id%3A310%2Ctext%3ACXO%2CselectionType%3AINCLUDED)%2C(id%3A320%2Ctext%3AOwner%2520%252F%2520Partner%2CselectionType%3AINCLUDED)%2C(id%3A300%2Ctext%3AVice%2520President%2CselectionType%3AINCLUDED)))%2C(type%3ACOMPANY_HEADCOUNT%2Cvalues%3AList((id%3AE%2Ctext%3A201-500%2CselectionType%3AINCLUDED)%2C(id%3AF%2Ctext%3A501-1000%2CselectionType%3AINCLUDED))))%2Ckeywords%3Afounder%2520OR%2520co-founder%2520OR%2520CEO%2520OR%2520chief%2520executive%2520officer%2520OR%2520owner%2520OR%2520managing%2520partner%2520OR%2520managing%2520director%2520OR%2520president%2520OR%2520group%2520CEO%2520OR%2520chief%2520operating%2520officer%2520OR%2520COO%2520OR%2520VP%2520operations%2520OR%2520operations%2520director%2520OR%2520operating%2520partner%2520OR%2520transformation%2520director%2520OR%2520VP%2520strategy%2520AND%2520%2522private%2520equity%2522%2520OR%2520%2522value%2520creation%2522%2520OR%2520P%2526L%2520OR%2520%2522multi-site%2522%2520OR%2520manufacturing%2520OR%2520%2522lean%2520six%2520sigma%2522%2520OR%2520turnaround%2520OR%2520%2522digital%2520transformation%2522)&sessionId=wjxQPTsFRC%2BOqJb1ihmyGg%3D%3D&viewAllFilters=true,2026-09-06T17:07:38.682Z,https://linkedin.com/in/michel-akerboom-4305a831,573350508,Joey Moreau