profileUrl,fullName,firstName,lastName,companyName,title,companyId,companyUrl,regularCompanyUrl,summary,titleDescription,industry,companyLocation,location,durationInRole,durationInCompany,pastExperienceCompanyName,pastExperienceCompanyUrl,pastExperienceCompanyTitle,pastExperienceDate,pastExperienceDuration,connectionDegree,profileImageUrl,sharedConnectionsCount,name,vmid,linkedInProfileUrl,isPremium,isOpenLink,query,timestamp,defaultProfileUrl,searchAccountProfileId,searchAccountProfileName
"https://www.linkedin.com/sales/lead/ACwAAAInQGgBh_UDucxF3QmpgAOQRS3KAURexdQ,NAME_SEARCH,ouZh",Albert (Ab) S. Ekels,Albert (Ab) S.,Ekels,MKB Business Partners,Bestuurslid,75583203,https://www.linkedin.com/sales/company/75583203,https://www.linkedin.com/company/75583203,"Ik vervul de klassieke rol van zakelijke navigator voor ondernemers in het MKB.
Zoals een navigator op zee weet waar het schip zich bevindt en waar het naartoe moet — zo help ik ondernemers koers te bepalen voor hun bedrijf.

Mijn specialisme? Ondernemers helpen bouwen aan een bedrijf dat toekomstbestendig is: winstgevend, verkoopbaar en minder afhankelijk van henzelf.
Dat doe ik met praktisch advies dat werkt — helder, direct toepasbaar en altijd gericht op resultaat.

Ik begeleid ondernemers bij groeistrategie, verkoopoptimalisatie, herstructurering, opvolging en overdracht. Geen dikke rapporten, maar concrete stappen waarmee je écht verder komt.

Sinds 1985 heb ik tientallen bedrijven in binnen- en buitenland geholpen, van technische productie tot installatie en dienstverlening. Als managing director leidde ik meer dan 15 herstartprojecten, van 15 tot 300 medewerkers.

Naast mijn werkervaring ben ik onder meer:
– Fellow en Executive Coach bij het Institute for Independent Business (IIB)
– IRCM Registered GOLD® Coach
– Regionaal directeur en business developer bij The Alpha Group

Mijn focus ligt altijd op het verhogen van de waarde van je bedrijf — of je nu wilt groeien, overdragen, of simpelweg rust inbouwen.

“Werk aan je bedrijf, niet alleen in je bedrijf.”

Benieuwd hoe ik je verder kan helpen? Laten we vrijblijvend kennismaken.",,Business Consulting and Services,"Houten, Utrecht, Netherlands","Laren, North Holland, Netherlands",17 years 10 months in role,17 years 10 months in company,Waterloo Air Products plc,,managing director,2001-2005,4 years,2nd,https://media.licdn.com/dms/image/v2/C5603AQEru5ShovPt2Q/profile-displayphoto-shrink_800_800/profile-displayphoto-shrink_800_800/0/1655216818127?e=1790208000&v=beta&t=TFGYR7Pm6B3_2E8b9tL9ktoTkq3joorD89DHuVPUUD4,44,Albert (Ab) S. Ekels,ACwAAAInQGgBh_UDucxF3QmpgAOQRS3KAURexdQ,https://www.linkedin.com/in/ACwAAAInQGgBh_UDucxF3QmpgAOQRS3KAURexdQ/,TRUE,FALSE,https://www.linkedin.com/sales/search/people?query=(spellCorrectionEnabled%3Atrue%2CrecentSearchParam%3A(id%3A4517364857%2CdoLogHistory%3Atrue)%2Cfilters%3AList((type%3ACONNECTION_OF%2Cvalues%3AList((id%3AACwAAAn2NDEBGumkSP-qxyxZk6BvpJETw5-rZ9I%2Ctext%3ADr.%2520Kauan%2520von%2520Novack%2CselectionType%3AINCLUDED)))%2C(type%3ARELATIONSHIP%2Cvalues%3AList((id%3AF%2Ctext%3A1st%2520degree%2520connections%2CselectionType%3AINCLUDED)%2C(id%3AS%2Ctext%3A2nd%2520degree%2520connections%2CselectionType%3AINCLUDED)))%2C(type%3AREGION%2Cvalues%3AList((id%3A102890719%2Ctext%3ANetherlands%2CselectionType%3AINCLUDED)%2C(id%3A100364837%2Ctext%3APortugal%2CselectionType%3AINCLUDED)%2C(id%3A106057199%2Ctext%3ABrazil%2CselectionType%3AINCLUDED)%2C(id%3A101282230%2Ctext%3AGermany%2CselectionType%3AINCLUDED)%2C(id%3A105646813%2Ctext%3ASpain%2CselectionType%3AINCLUDED)))%2C(type%3ACOMPANY_HEADCOUNT%2Cvalues%3AList((id%3AE%2Ctext%3A201-500%2CselectionType%3AINCLUDED)%2C(id%3AF%2Ctext%3A501-1000%2CselectionType%3AINCLUDED)%2C(id%3AG%2Ctext%3A1001-5000%2CselectionType%3AINCLUDED)%2C(id%3AH%2Ctext%3A5001-10%252C000%2CselectionType%3AINCLUDED)%2C(id%3AI%2Ctext%3A10%252C000%252B%2CselectionType%3AINCLUDED)))%2C(type%3ASENIORITY_LEVEL%2Cvalues%3AList((id%3A320%2Ctext%3AOwner%2520%252F%2520Partner%2CselectionType%3AINCLUDED)%2C(id%3A310%2Ctext%3ACXO%2CselectionType%3AINCLUDED)%2C(id%3A300%2Ctext%3AVice%2520President%2CselectionType%3AINCLUDED))))%2Ckeywords%3Afounder%2520OR%2520co-founder%2520OR%2520CEO%2520OR%2520chief%2520executive%2520officer%2520OR%2520owner%2520OR%2520managing%2520partner%2520OR%2520managing%2520director%2520OR%2520president%2520OR%2520group%2520CEO%2520OR%2520chief%2520operating%2520officer%2520OR%2520COO%2520OR%2520VP%2520operations%2520OR%2520operations%2520director%2520OR%2520operating%2520partner%2520OR%2520transformation%2520director%2520OR%2520VP%2520strategy%2520AND%2520%2522private%2520equity%2522%2520OR%2520%2522value%2520creation%2522%2520OR%2520P%2526L%2520OR%2520%2522multi-site%2522%2520OR%2520manufacturing%2520OR%2520%2522lean%2520six%2520sigma%2522%2520OR%2520turnaround%2520OR%2520%2522digital%2520transformation%2522)&sessionId=y1e6DeygSXibJUSAfZ9aLA%3D%3D&viewAllFilters=true,2026-09-06T17:12:25.261Z,https://linkedin.com/in/albert-ab-s-ekels-88812210,573350508,Joey Moreau
"https://www.linkedin.com/sales/lead/ACwAAAJWADYBBR2fwAaS-p4wmVuA-3otfntgDS8,NAME_SEARCH,uwLK",Jordi Bakker,Jordi,Bakker,JAN© Accountants en Adviseurs,Lid Dagelijks Bestuur JAN© Accountants en Adviseurs,252099,https://www.linkedin.com/sales/company/252099,https://www.linkedin.com/company/252099,"Sinds 2007 ben ik accountancy partner bij JAN© Accountants & Adviseurs. Mijn voornaamste rol binnen JAN© is die van klantadviseur en specialist. Al enige jaren ben ik lid van de Raad voor de Jaarverslaggeving en mag mij daarom specialist noemen op het gebied van jaarverslaggeving. Veruit het interessantste vind ik het om de klant bij te staan in alle facetten van het ondernemerschap. 

Daarnaast pas ik mijn kennis en ervaring toe als begeleider bij Jong Ondernemen, die kinderen voorbereid op de arbeidsmarkt. ",,Financial Services,"Hoofddorp, North Holland, Netherlands","Amsterdam, North Holland, Netherlands",2 years 9 months in role,19 years 9 months in company,Accountantskantoor De Velper,,Owner,2005-2007,2 years,2nd,https://media.licdn.com/dms/image/v2/C5603AQFZ82Co9fw4VA/profile-displayphoto-shrink_800_800/profile-displayphoto-shrink_800_800/0/1517747465677?e=1790208000&v=beta&t=AdiU2asNr2SjiaI9PAsqPuJYKVygzS3kEABfZWAzLsE,16,Jordi Bakker,ACwAAAJWADYBBR2fwAaS-p4wmVuA-3otfntgDS8,https://www.linkedin.com/in/ACwAAAJWADYBBR2fwAaS-p4wmVuA-3otfntgDS8/,FALSE,FALSE,https://www.linkedin.com/sales/search/people?query=(spellCorrectionEnabled%3Atrue%2CrecentSearchParam%3A(id%3A4517364857%2CdoLogHistory%3Atrue)%2Cfilters%3AList((type%3ACONNECTION_OF%2Cvalues%3AList((id%3AACwAAAn2NDEBGumkSP-qxyxZk6BvpJETw5-rZ9I%2Ctext%3ADr.%2520Kauan%2520von%2520Novack%2CselectionType%3AINCLUDED)))%2C(type%3ARELATIONSHIP%2Cvalues%3AList((id%3AF%2Ctext%3A1st%2520degree%2520connections%2CselectionType%3AINCLUDED)%2C(id%3AS%2Ctext%3A2nd%2520degree%2520connections%2CselectionType%3AINCLUDED)))%2C(type%3AREGION%2Cvalues%3AList((id%3A102890719%2Ctext%3ANetherlands%2CselectionType%3AINCLUDED)%2C(id%3A100364837%2Ctext%3APortugal%2CselectionType%3AINCLUDED)%2C(id%3A106057199%2Ctext%3ABrazil%2CselectionType%3AINCLUDED)%2C(id%3A101282230%2Ctext%3AGermany%2CselectionType%3AINCLUDED)%2C(id%3A105646813%2Ctext%3ASpain%2CselectionType%3AINCLUDED)))%2C(type%3ACOMPANY_HEADCOUNT%2Cvalues%3AList((id%3AE%2Ctext%3A201-500%2CselectionType%3AINCLUDED)%2C(id%3AF%2Ctext%3A501-1000%2CselectionType%3AINCLUDED)%2C(id%3AG%2Ctext%3A1001-5000%2CselectionType%3AINCLUDED)%2C(id%3AH%2Ctext%3A5001-10%252C000%2CselectionType%3AINCLUDED)%2C(id%3AI%2Ctext%3A10%252C000%252B%2CselectionType%3AINCLUDED)))%2C(type%3ASENIORITY_LEVEL%2Cvalues%3AList((id%3A320%2Ctext%3AOwner%2520%252F%2520Partner%2CselectionType%3AINCLUDED)%2C(id%3A310%2Ctext%3ACXO%2CselectionType%3AINCLUDED)%2C(id%3A300%2Ctext%3AVice%2520President%2CselectionType%3AINCLUDED))))%2Ckeywords%3Afounder%2520OR%2520co-founder%2520OR%2520CEO%2520OR%2520chief%2520executive%2520officer%2520OR%2520owner%2520OR%2520managing%2520partner%2520OR%2520managing%2520director%2520OR%2520president%2520OR%2520group%2520CEO%2520OR%2520chief%2520operating%2520officer%2520OR%2520COO%2520OR%2520VP%2520operations%2520OR%2520operations%2520director%2520OR%2520operating%2520partner%2520OR%2520transformation%2520director%2520OR%2520VP%2520strategy%2520AND%2520%2522private%2520equity%2522%2520OR%2520%2522value%2520creation%2522%2520OR%2520P%2526L%2520OR%2520%2522multi-site%2522%2520OR%2520manufacturing%2520OR%2520%2522lean%2520six%2520sigma%2522%2520OR%2520turnaround%2520OR%2520%2522digital%2520transformation%2522)&sessionId=y1e6DeygSXibJUSAfZ9aLA%3D%3D&viewAllFilters=true,2026-09-06T17:12:25.261Z,https://linkedin.com/in/jordibakker,573350508,Joey Moreau
"https://www.linkedin.com/sales/lead/ACwAAAEMo3QBwULj_rhPW7_XhNH0l5OTy7LnFyo,NAME_SEARCH,UZOU",Carlos Correia de Barros,Carlos,Correia de Barros,Secil,Executive Board Member,65156,https://www.linkedin.com/sales/company/65156,https://www.linkedin.com/company/65156,"After graduating in Mechanical Engineering with a specialization in Production Management, I began my career at the Kaizen Institute, leading large-scale operational transformation programs across logistics, manufacturing, and retail — achieving efficiency gains of over 20% in operations raging from 100 to 2,000 people.Following my MBA at INSEAD, I joined McKinsey &amp; Company, where I advised clients in oil &amp; gas, banking, retail, telecom, and industrials on corporate strategy and large-scale transformation.In 2014, I joined Secil — at a turning point in its history — to lead a company-wide transformation. Over two strategic cycles, I helped drive a turnaround and then a phase of sustainable growth.I’m passionate about building empowered organizations and helping businesses transform with purpose and discipline.",,Building Materials,"Lisbon, Lisbon, Portugal","Lisboa, Lisbon, Portugal",6 years 3 months in role,12 years 4 months in company,,,,,,2nd,https://media.licdn.com/dms/image/v2/D4D03AQGLLCl16FRXGQ/profile-displayphoto-shrink_800_800/profile-displayphoto-shrink_800_800/0/1701433976381?e=1790208000&v=beta&t=NZ4TQ9Q-8vwjrsyBSJykx4BkinuV95eBA7MYegWw8hU,6,Carlos Correia de Barros,ACwAAAEMo3QBwULj_rhPW7_XhNH0l5OTy7LnFyo,https://www.linkedin.com/in/ACwAAAEMo3QBwULj_rhPW7_XhNH0l5OTy7LnFyo/,FALSE,FALSE,https://www.linkedin.com/sales/search/people?query=(spellCorrectionEnabled%3Atrue%2CrecentSearchParam%3A(id%3A4517364857%2CdoLogHistory%3Atrue)%2Cfilters%3AList((type%3ACONNECTION_OF%2Cvalues%3AList((id%3AACwAAAn2NDEBGumkSP-qxyxZk6BvpJETw5-rZ9I%2Ctext%3ADr.%2520Kauan%2520von%2520Novack%2CselectionType%3AINCLUDED)))%2C(type%3ARELATIONSHIP%2Cvalues%3AList((id%3AF%2Ctext%3A1st%2520degree%2520connections%2CselectionType%3AINCLUDED)%2C(id%3AS%2Ctext%3A2nd%2520degree%2520connections%2CselectionType%3AINCLUDED)))%2C(type%3AREGION%2Cvalues%3AList((id%3A102890719%2Ctext%3ANetherlands%2CselectionType%3AINCLUDED)%2C(id%3A100364837%2Ctext%3APortugal%2CselectionType%3AINCLUDED)%2C(id%3A106057199%2Ctext%3ABrazil%2CselectionType%3AINCLUDED)%2C(id%3A101282230%2Ctext%3AGermany%2CselectionType%3AINCLUDED)%2C(id%3A105646813%2Ctext%3ASpain%2CselectionType%3AINCLUDED)))%2C(type%3ACOMPANY_HEADCOUNT%2Cvalues%3AList((id%3AE%2Ctext%3A201-500%2CselectionType%3AINCLUDED)%2C(id%3AF%2Ctext%3A501-1000%2CselectionType%3AINCLUDED)%2C(id%3AG%2Ctext%3A1001-5000%2CselectionType%3AINCLUDED)%2C(id%3AH%2Ctext%3A5001-10%252C000%2CselectionType%3AINCLUDED)%2C(id%3AI%2Ctext%3A10%252C000%252B%2CselectionType%3AINCLUDED)))%2C(type%3ASENIORITY_LEVEL%2Cvalues%3AList((id%3A320%2Ctext%3AOwner%2520%252F%2520Partner%2CselectionType%3AINCLUDED)%2C(id%3A310%2Ctext%3ACXO%2CselectionType%3AINCLUDED)%2C(id%3A300%2Ctext%3AVice%2520President%2CselectionType%3AINCLUDED))))%2Ckeywords%3Afounder%2520OR%2520co-founder%2520OR%2520CEO%2520OR%2520chief%2520executive%2520officer%2520OR%2520owner%2520OR%2520managing%2520partner%2520OR%2520managing%2520director%2520OR%2520president%2520OR%2520group%2520CEO%2520OR%2520chief%2520operating%2520officer%2520OR%2520COO%2520OR%2520VP%2520operations%2520OR%2520operations%2520director%2520OR%2520operating%2520partner%2520OR%2520transformation%2520director%2520OR%2520VP%2520strategy%2520AND%2520%2522private%2520equity%2522%2520OR%2520%2522value%2520creation%2522%2520OR%2520P%2526L%2520OR%2520%2522multi-site%2522%2520OR%2520manufacturing%2520OR%2520%2522lean%2520six%2520sigma%2522%2520OR%2520turnaround%2520OR%2520%2522digital%2520transformation%2522)&sessionId=y1e6DeygSXibJUSAfZ9aLA%3D%3D&viewAllFilters=true,2026-09-06T17:12:25.261Z,https://linkedin.com/in/carlos-correia-de-barros-444a905,573350508,Joey Moreau
"https://www.linkedin.com/sales/lead/ACwAAAIuYKoBMWnlXrzWBgoiDC64Q8TizBU5yt0,NAME_SEARCH,xDQj",Manuel Bosch Arcos,Manuel,Bosch Arcos,Ribera Salud,Chief Transformation Officer,835207,https://www.linkedin.com/sales/company/835207,https://www.linkedin.com/company/835207,"Senior C-Level executive and Board Member with over 20 years of experience leading innovation, technology, and digital transformation in the healthcare sector at an international level, across large corporations, high-growth startups, and private equity environments.Specialized in defining and executing end-to-end transformation strategies with measurable business impact, including operational efficiency improvements (&gt;20%), cost reductions (&gt;15%), revenue growth through digital business models, and enhanced patient/customer experience.Proven expertise in the adoption and scaling of Artificial Intelligence within healthcare organizations, covering the full lifecycle from strategy and governance (AI Office, regulatory compliance, AI Act) to the deployment of high-value use cases: clinical and administrative process automation, advanced analytics, AI copilots and agents, operational optimization, and data-driven decision-making.Core areas of expertise include:- Digital Health &amp; Innovation- Data &amp; AI (advanced analytics, data platforms, generative AI)- Business transformation and new digital models- Cloud &amp; IT Operations (migration, modernization, resilience)- Complex transformation and integration programs (M&amp;A)Extensive track record leading large-scale international programs, including:- Technology due diligence and value creation for private equity firms- Post-merger integrations (PMI) and carve-outs- Core system implementations (ERP, HIS)- Data center consolidation and cloud migration- Standardization and scaling of digital platformsDemonstrated success in leading multicultural, multidisciplinary teams, driving growth in highly demanding and regulated environments. Strong stakeholder management at executive level, including governments, regulatory authorities, and corporate leadership.Committed to talent development and knowledge sharing, serving as a lecturer and speaker in executive education programs, with a focus on digital transformation, data strategy, and applied artificial intelligence in healthcare.","Executive role focused on bringing about change, as well as growth in revenue and profit to the company. Responsible for instigating digital transformation and digital disruption in the healthcare business.
Under my umbrella, I bring together the Chief Information Officer and Chief Innovation Officer functions and, consequently, the digital and technology teams, facilitating change management, improving operational processes and creating new revenue streams.
Confident challenging the status quo, orchestrating complex process.",Hospitals and Health Care,"Valencia, Valencian Community, Spain","Madrid, Community of Madrid, Spain",3 years 8 months in role,3 years 8 months in company,Felder Comunicación,,Director General,01/2009-12/2011,2 years 11 months,2nd,,16,Manuel Bosch Arcos,ACwAAAIuYKoBMWnlXrzWBgoiDC64Q8TizBU5yt0,https://www.linkedin.com/in/ACwAAAIuYKoBMWnlXrzWBgoiDC64Q8TizBU5yt0/,FALSE,FALSE,https://www.linkedin.com/sales/search/people?query=(spellCorrectionEnabled%3Atrue%2CrecentSearchParam%3A(id%3A4517364857%2CdoLogHistory%3Atrue)%2Cfilters%3AList((type%3ACONNECTION_OF%2Cvalues%3AList((id%3AACwAAAn2NDEBGumkSP-qxyxZk6BvpJETw5-rZ9I%2Ctext%3ADr.%2520Kauan%2520von%2520Novack%2CselectionType%3AINCLUDED)))%2C(type%3ARELATIONSHIP%2Cvalues%3AList((id%3AF%2Ctext%3A1st%2520degree%2520connections%2CselectionType%3AINCLUDED)%2C(id%3AS%2Ctext%3A2nd%2520degree%2520connections%2CselectionType%3AINCLUDED)))%2C(type%3AREGION%2Cvalues%3AList((id%3A102890719%2Ctext%3ANetherlands%2CselectionType%3AINCLUDED)%2C(id%3A100364837%2Ctext%3APortugal%2CselectionType%3AINCLUDED)%2C(id%3A106057199%2Ctext%3ABrazil%2CselectionType%3AINCLUDED)%2C(id%3A101282230%2Ctext%3AGermany%2CselectionType%3AINCLUDED)%2C(id%3A105646813%2Ctext%3ASpain%2CselectionType%3AINCLUDED)))%2C(type%3ACOMPANY_HEADCOUNT%2Cvalues%3AList((id%3AE%2Ctext%3A201-500%2CselectionType%3AINCLUDED)%2C(id%3AF%2Ctext%3A501-1000%2CselectionType%3AINCLUDED)%2C(id%3AG%2Ctext%3A1001-5000%2CselectionType%3AINCLUDED)%2C(id%3AH%2Ctext%3A5001-10%252C000%2CselectionType%3AINCLUDED)%2C(id%3AI%2Ctext%3A10%252C000%252B%2CselectionType%3AINCLUDED)))%2C(type%3ASENIORITY_LEVEL%2Cvalues%3AList((id%3A320%2Ctext%3AOwner%2520%252F%2520Partner%2CselectionType%3AINCLUDED)%2C(id%3A310%2Ctext%3ACXO%2CselectionType%3AINCLUDED)%2C(id%3A300%2Ctext%3AVice%2520President%2CselectionType%3AINCLUDED))))%2Ckeywords%3Afounder%2520OR%2520co-founder%2520OR%2520CEO%2520OR%2520chief%2520executive%2520officer%2520OR%2520owner%2520OR%2520managing%2520partner%2520OR%2520managing%2520director%2520OR%2520president%2520OR%2520group%2520CEO%2520OR%2520chief%2520operating%2520officer%2520OR%2520COO%2520OR%2520VP%2520operations%2520OR%2520operations%2520director%2520OR%2520operating%2520partner%2520OR%2520transformation%2520director%2520OR%2520VP%2520strategy%2520AND%2520%2522private%2520equity%2522%2520OR%2520%2522value%2520creation%2522%2520OR%2520P%2526L%2520OR%2520%2522multi-site%2522%2520OR%2520manufacturing%2520OR%2520%2522lean%2520six%2520sigma%2522%2520OR%2520turnaround%2520OR%2520%2522digital%2520transformation%2522)&sessionId=y1e6DeygSXibJUSAfZ9aLA%3D%3D&viewAllFilters=true,2026-09-06T17:12:25.261Z,https://linkedin.com/in/manubosch,573350508,Joey Moreau
"https://www.linkedin.com/sales/lead/ACwAAAGBgwQBQixBSbkSesqhBxgt399JC_86gUQ,NAME_SEARCH,nLxg",Mike Out,Mike,Out,EPSA Netherlands,Digitale strategie & transformatie,71266995,https://www.linkedin.com/sales/company/71266995,https://www.linkedin.com/company/71266995,"On an adventure to speed up the energy transition with HomeZero. Offering whitelabel b2b software, services & solutions for businesses, installation companies and homeowners. 

About me;
Creative leader with 15+ years of experience scaling companies and designing (digital) strategy, innovations and propositions. 

Also creator of DesignKit 🔬. Download it for free @ www.DesignKit.online",,Business Consulting and Services,"Paris, Île-de-France, France","The Randstad, Netherlands",2 years 8 months in role,2 years 8 months in company,InterXS & easyDedicated.com,,Co-founder & CTO,01/2003-01/2006,3 years,2nd,https://media.licdn.com/dms/image/v2/D4E03AQH8-49MnAEBIg/profile-displayphoto-crop_800_800/B4EZwgKhanGwAI-/0/1770066155685?e=1790208000&v=beta&t=GyOk8O3JNdujh5fRNAhKZQzcbFVLlmMQIMqG5HR3bG8,137,Mike Out,ACwAAAGBgwQBQixBSbkSesqhBxgt399JC_86gUQ,https://www.linkedin.com/in/ACwAAAGBgwQBQixBSbkSesqhBxgt399JC_86gUQ/,TRUE,FALSE,https://www.linkedin.com/sales/search/people?query=(spellCorrectionEnabled%3Atrue%2CrecentSearchParam%3A(id%3A4517364857%2CdoLogHistory%3Atrue)%2Cfilters%3AList((type%3ACONNECTION_OF%2Cvalues%3AList((id%3AACwAAAn2NDEBGumkSP-qxyxZk6BvpJETw5-rZ9I%2Ctext%3ADr.%2520Kauan%2520von%2520Novack%2CselectionType%3AINCLUDED)))%2C(type%3ARELATIONSHIP%2Cvalues%3AList((id%3AF%2Ctext%3A1st%2520degree%2520connections%2CselectionType%3AINCLUDED)%2C(id%3AS%2Ctext%3A2nd%2520degree%2520connections%2CselectionType%3AINCLUDED)))%2C(type%3AREGION%2Cvalues%3AList((id%3A102890719%2Ctext%3ANetherlands%2CselectionType%3AINCLUDED)%2C(id%3A100364837%2Ctext%3APortugal%2CselectionType%3AINCLUDED)%2C(id%3A106057199%2Ctext%3ABrazil%2CselectionType%3AINCLUDED)%2C(id%3A101282230%2Ctext%3AGermany%2CselectionType%3AINCLUDED)%2C(id%3A105646813%2Ctext%3ASpain%2CselectionType%3AINCLUDED)))%2C(type%3ACOMPANY_HEADCOUNT%2Cvalues%3AList((id%3AE%2Ctext%3A201-500%2CselectionType%3AINCLUDED)%2C(id%3AF%2Ctext%3A501-1000%2CselectionType%3AINCLUDED)%2C(id%3AG%2Ctext%3A1001-5000%2CselectionType%3AINCLUDED)%2C(id%3AH%2Ctext%3A5001-10%252C000%2CselectionType%3AINCLUDED)%2C(id%3AI%2Ctext%3A10%252C000%252B%2CselectionType%3AINCLUDED)))%2C(type%3ASENIORITY_LEVEL%2Cvalues%3AList((id%3A320%2Ctext%3AOwner%2520%252F%2520Partner%2CselectionType%3AINCLUDED)%2C(id%3A310%2Ctext%3ACXO%2CselectionType%3AINCLUDED)%2C(id%3A300%2Ctext%3AVice%2520President%2CselectionType%3AINCLUDED))))%2Ckeywords%3Afounder%2520OR%2520co-founder%2520OR%2520CEO%2520OR%2520chief%2520executive%2520officer%2520OR%2520owner%2520OR%2520managing%2520partner%2520OR%2520managing%2520director%2520OR%2520president%2520OR%2520group%2520CEO%2520OR%2520chief%2520operating%2520officer%2520OR%2520COO%2520OR%2520VP%2520operations%2520OR%2520operations%2520director%2520OR%2520operating%2520partner%2520OR%2520transformation%2520director%2520OR%2520VP%2520strategy%2520AND%2520%2522private%2520equity%2522%2520OR%2520%2522value%2520creation%2522%2520OR%2520P%2526L%2520OR%2520%2522multi-site%2522%2520OR%2520manufacturing%2520OR%2520%2522lean%2520six%2520sigma%2522%2520OR%2520turnaround%2520OR%2520%2522digital%2520transformation%2522)&sessionId=y1e6DeygSXibJUSAfZ9aLA%3D%3D&viewAllFilters=true,2026-09-06T17:12:25.261Z,https://linkedin.com/in/outmike,573350508,Joey Moreau
"https://www.linkedin.com/sales/lead/ACwAAAC3QjkBPHjLfTW6sPVN03cLe9QAbnYJgqA,NAME_SEARCH,SuGL",Speer Stok,Speer,Stok,AVROTROS,Executive Producer,17568,https://www.linkedin.com/sales/company/17568,https://www.linkedin.com/company/17568,"Production exec with broad experience in all aspects of TV, events and creative management.
We support the industrie 24/7 for all questions big or small internal or extrernal, creative solutions.",producer Muziekfeesten,Broadcast Media Production and Distribution,"Hilversum, North Holland, Netherlands","Bussum, North Holland, Netherlands",16 years 4 months in role,16 years 4 months in company,,,,,,2nd,https://media.licdn.com/dms/image/v2/D4E03AQEQlPGT2h9Aqg/profile-displayphoto-shrink_800_800/profile-displayphoto-shrink_800_800/0/1694442169878?e=1790208000&v=beta&t=X2_k5aitW5QNtfSlwldnzayWIs08Uqnx_LlJ1maVCnA,18,Speer Stok,ACwAAAC3QjkBPHjLfTW6sPVN03cLe9QAbnYJgqA,https://www.linkedin.com/in/ACwAAAC3QjkBPHjLfTW6sPVN03cLe9QAbnYJgqA/,FALSE,FALSE,https://www.linkedin.com/sales/search/people?query=(spellCorrectionEnabled%3Atrue%2CrecentSearchParam%3A(id%3A4517364857%2CdoLogHistory%3Atrue)%2Cfilters%3AList((type%3ACONNECTION_OF%2Cvalues%3AList((id%3AACwAAAn2NDEBGumkSP-qxyxZk6BvpJETw5-rZ9I%2Ctext%3ADr.%2520Kauan%2520von%2520Novack%2CselectionType%3AINCLUDED)))%2C(type%3ARELATIONSHIP%2Cvalues%3AList((id%3AF%2Ctext%3A1st%2520degree%2520connections%2CselectionType%3AINCLUDED)%2C(id%3AS%2Ctext%3A2nd%2520degree%2520connections%2CselectionType%3AINCLUDED)))%2C(type%3AREGION%2Cvalues%3AList((id%3A102890719%2Ctext%3ANetherlands%2CselectionType%3AINCLUDED)%2C(id%3A100364837%2Ctext%3APortugal%2CselectionType%3AINCLUDED)%2C(id%3A106057199%2Ctext%3ABrazil%2CselectionType%3AINCLUDED)%2C(id%3A101282230%2Ctext%3AGermany%2CselectionType%3AINCLUDED)%2C(id%3A105646813%2Ctext%3ASpain%2CselectionType%3AINCLUDED)))%2C(type%3ACOMPANY_HEADCOUNT%2Cvalues%3AList((id%3AE%2Ctext%3A201-500%2CselectionType%3AINCLUDED)%2C(id%3AF%2Ctext%3A501-1000%2CselectionType%3AINCLUDED)%2C(id%3AG%2Ctext%3A1001-5000%2CselectionType%3AINCLUDED)%2C(id%3AH%2Ctext%3A5001-10%252C000%2CselectionType%3AINCLUDED)%2C(id%3AI%2Ctext%3A10%252C000%252B%2CselectionType%3AINCLUDED)))%2C(type%3ASENIORITY_LEVEL%2Cvalues%3AList((id%3A320%2Ctext%3AOwner%2520%252F%2520Partner%2CselectionType%3AINCLUDED)%2C(id%3A310%2Ctext%3ACXO%2CselectionType%3AINCLUDED)%2C(id%3A300%2Ctext%3AVice%2520President%2CselectionType%3AINCLUDED))))%2Ckeywords%3Afounder%2520OR%2520co-founder%2520OR%2520CEO%2520OR%2520chief%2520executive%2520officer%2520OR%2520owner%2520OR%2520managing%2520partner%2520OR%2520managing%2520director%2520OR%2520president%2520OR%2520group%2520CEO%2520OR%2520chief%2520operating%2520officer%2520OR%2520COO%2520OR%2520VP%2520operations%2520OR%2520operations%2520director%2520OR%2520operating%2520partner%2520OR%2520transformation%2520director%2520OR%2520VP%2520strategy%2520AND%2520%2522private%2520equity%2522%2520OR%2520%2522value%2520creation%2522%2520OR%2520P%2526L%2520OR%2520%2522multi-site%2522%2520OR%2520manufacturing%2520OR%2520%2522lean%2520six%2520sigma%2522%2520OR%2520turnaround%2520OR%2520%2522digital%2520transformation%2522)&sessionId=y1e6DeygSXibJUSAfZ9aLA%3D%3D&viewAllFilters=true,2026-09-06T17:12:25.261Z,https://linkedin.com/in/speerstok,573350508,Joey Moreau
"https://www.linkedin.com/sales/lead/ACwAAAA5IqsBaoc60WhEg_gwd8kpDYPyvXWOih0,NAME_SEARCH,MxEo",Anthony Viellevoije,Anthony,Viellevoije,StartGreen Capital,Partner,688088,https://www.linkedin.com/sales/company/688088,https://www.linkedin.com/company/688088,"As Partner of StartGreen Capital &amp; founder of AIXTerra Ventures, Anthony's mission is to accelerate Energy &amp; ClimateTech startups and scale-ups. He has led the VC activities of PDENH, an €85m impact fund that is currently working towards exits. In parallel, Anthony is founding AIXTerra Ventures, a new VC firm - yet in stealth mode - that is exclusively focused on the disruptive posssibilities of AI within the fields of Energy Transition &amp; Materials Science.Further background: - At PDENH, he has led the investment team and built - the VC part of - a successful portfolio of 29 companies across the domains of energy transition, circularity and sustainable mobility.- Personally, he invested early in leading scaleups such as Sympower, Dexter Energy, Thorizon, Fairphone, Asperitas, Triple Solar, E-magy, RGS Development, EST-Floattech and Nordic Booster. - These ventures have nearly all matured into scale-ups that are now at Series B-C stage and/or successfully exited. As such, Anthony is able to demonstrate a strong and full-cycle VC track record.- His previous experience in M&amp;A at ING Corporate Finance, his own entrepreneurial endavours, and his ample scaleup board experience enable ventures to rapidly scale and make impact.","As partner of StartGreen Capital, which manages six impact investment funds among which PDENH, I am responsible for the climate tech venture capital activities of the group. From this capacity, I am fully dedicated to the fund management and direct VC investments at PDENH.",Investment Management,"Amsterdam, North Holland, Netherlands","The Randstad, Netherlands",12 years 8 months in role,12 years 8 months in company,4 Elements Travel,,Founder,06/2011-01/2014,2 years 7 months,2nd,https://media.licdn.com/dms/image/v2/D4E03AQF_0BdB_sWUDA/profile-displayphoto-crop_800_800/B4EZg2hekEHoAI-/0/1753261402795?e=1790208000&v=beta&t=6MWu2RvSIBO_RmBr31daPxLh_In5wlD6_ARoG_CLoc8,80,Anthony Viellevoije,ACwAAAA5IqsBaoc60WhEg_gwd8kpDYPyvXWOih0,https://www.linkedin.com/in/ACwAAAA5IqsBaoc60WhEg_gwd8kpDYPyvXWOih0/,FALSE,FALSE,https://www.linkedin.com/sales/search/people?query=(spellCorrectionEnabled%3Atrue%2CrecentSearchParam%3A(id%3A4517364857%2CdoLogHistory%3Atrue)%2Cfilters%3AList((type%3ACONNECTION_OF%2Cvalues%3AList((id%3AACwAAAn2NDEBGumkSP-qxyxZk6BvpJETw5-rZ9I%2Ctext%3ADr.%2520Kauan%2520von%2520Novack%2CselectionType%3AINCLUDED)))%2C(type%3ARELATIONSHIP%2Cvalues%3AList((id%3AF%2Ctext%3A1st%2520degree%2520connections%2CselectionType%3AINCLUDED)%2C(id%3AS%2Ctext%3A2nd%2520degree%2520connections%2CselectionType%3AINCLUDED)))%2C(type%3AREGION%2Cvalues%3AList((id%3A102890719%2Ctext%3ANetherlands%2CselectionType%3AINCLUDED)%2C(id%3A100364837%2Ctext%3APortugal%2CselectionType%3AINCLUDED)%2C(id%3A106057199%2Ctext%3ABrazil%2CselectionType%3AINCLUDED)%2C(id%3A101282230%2Ctext%3AGermany%2CselectionType%3AINCLUDED)%2C(id%3A105646813%2Ctext%3ASpain%2CselectionType%3AINCLUDED)))%2C(type%3ACOMPANY_HEADCOUNT%2Cvalues%3AList((id%3AE%2Ctext%3A201-500%2CselectionType%3AINCLUDED)%2C(id%3AF%2Ctext%3A501-1000%2CselectionType%3AINCLUDED)%2C(id%3AG%2Ctext%3A1001-5000%2CselectionType%3AINCLUDED)%2C(id%3AH%2Ctext%3A5001-10%252C000%2CselectionType%3AINCLUDED)%2C(id%3AI%2Ctext%3A10%252C000%252B%2CselectionType%3AINCLUDED)))%2C(type%3ASENIORITY_LEVEL%2Cvalues%3AList((id%3A320%2Ctext%3AOwner%2520%252F%2520Partner%2CselectionType%3AINCLUDED)%2C(id%3A310%2Ctext%3ACXO%2CselectionType%3AINCLUDED)%2C(id%3A300%2Ctext%3AVice%2520President%2CselectionType%3AINCLUDED))))%2Ckeywords%3Afounder%2520OR%2520co-founder%2520OR%2520CEO%2520OR%2520chief%2520executive%2520officer%2520OR%2520owner%2520OR%2520managing%2520partner%2520OR%2520managing%2520director%2520OR%2520president%2520OR%2520group%2520CEO%2520OR%2520chief%2520operating%2520officer%2520OR%2520COO%2520OR%2520VP%2520operations%2520OR%2520operations%2520director%2520OR%2520operating%2520partner%2520OR%2520transformation%2520director%2520OR%2520VP%2520strategy%2520AND%2520%2522private%2520equity%2522%2520OR%2520%2522value%2520creation%2522%2520OR%2520P%2526L%2520OR%2520%2522multi-site%2522%2520OR%2520manufacturing%2520OR%2520%2522lean%2520six%2520sigma%2522%2520OR%2520turnaround%2520OR%2520%2522digital%2520transformation%2522)&sessionId=y1e6DeygSXibJUSAfZ9aLA%3D%3D&viewAllFilters=true,2026-09-06T17:12:25.261Z,https://linkedin.com/in/anthony-viellevoije-ab73061,573350508,Joey Moreau
"https://www.linkedin.com/sales/lead/ACwAAADUYkIBa2wzQ7m7SWeDVPkJg0CQNqYl3CE,NAME_SEARCH,j6qr",Silvia Wiesner,Silvia,Wiesner,Rotkäppchen-Mumm,CEO,13987621,https://www.linkedin.com/sales/company/13987621,https://www.linkedin.com/company/13987621,"I am the CEO of the Rotkäppchen-Mumm Group, Germany’s leading alcoholic beverages company and the home of some of the most iconic brands.Together with my team, I work to ensure that our brands are part of the moments that bring people together — from everyday occasions to life’s most significant celebrations. We continuously evolve our portfolio and drive innovation to meet changing consumer needs and respond to market dynamics.Our ambition is not only to lead in established categories, but also to help shape the future of beverage enjoyment.I believe that strategy and culture are inseparable. Strategy sets the direction, but the way people work together ultimately determines what is possible. My leadership approach is rooted in Positive Leadership: creating clarity, building trust, and enabling people to leverage their strengths and make a meaningful impact.Before joining the Rotkäppchen-Mumm Group, I spent 18 years building and leading businesses across Europe at Unilever and later advising global consumer goods companies at Egon Zehnder. At Unilever, I held senior general management, sales, and marketing positions, leading transformations across brands, go-to-market models, and organizational culture. At Egon Zehnder, I advised clients on executive search, leadership development, and top-team effectiveness.Beyond my executive responsibilities, I am committed to responsible leadership, diversity, and the future of business. I am a Young Global Leader of the World Economic Forum and have contributed through international board and advisory roles, including with European Women on Boards and IMAGINE. I also serve on the Board of the German Wine, Sparkling Wine and Spirits Association (BWS).As a speaker, columnist, mentor, and advisor, I regularly contribute to conversations on leadership and purpose-driven business. In 2023, I was recognized as one of Germany’s Top 100 Women for Diversity.","Rotkäppchen-Mumm is Germany's leading supplier of sparkling wine, wine and spirits. Since its foundation in 1856, the company has stood for a constantly growing range of esteemed brands and innovations. The number one in the German sparkling wine, branded wine and spirits market combines a diverse selection from its own production with a distribution range of over 200 international premium products. Rotkäppchen-Mumm's most successful brands include Rotkäppchen, Mumm, Geldermann, Ruggeri Prosecco DOCG, Doppio Passo and Echter Nordhäuser. In 2024, the company and its nine locations achieved a total turnover of 1.3 billion euros.",Beverage Manufacturing,"Balgstädt, Saxony-Anhalt, Germany","Frankfurt, Hesse, Germany",1 year 7 months in role,1 year 9 months in company,,,,,,2nd,https://media.licdn.com/dms/image/v2/D4E03AQFSDM0hHM-b2g/profile-displayphoto-crop_800_800/B4EZ6yCxgzKsAI-/0/1781103534073?e=1790208000&v=beta&t=33URIYqM9edKmhw-HdLCHmbDyyHwkgYQs2EiiC2FRNQ,23,Silvia Wiesner,ACwAAADUYkIBa2wzQ7m7SWeDVPkJg0CQNqYl3CE,https://www.linkedin.com/in/ACwAAADUYkIBa2wzQ7m7SWeDVPkJg0CQNqYl3CE/,TRUE,FALSE,https://www.linkedin.com/sales/search/people?query=(spellCorrectionEnabled%3Atrue%2CrecentSearchParam%3A(id%3A4517364857%2CdoLogHistory%3Atrue)%2Cfilters%3AList((type%3ACONNECTION_OF%2Cvalues%3AList((id%3AACwAAAn2NDEBGumkSP-qxyxZk6BvpJETw5-rZ9I%2Ctext%3ADr.%2520Kauan%2520von%2520Novack%2CselectionType%3AINCLUDED)))%2C(type%3ARELATIONSHIP%2Cvalues%3AList((id%3AF%2Ctext%3A1st%2520degree%2520connections%2CselectionType%3AINCLUDED)%2C(id%3AS%2Ctext%3A2nd%2520degree%2520connections%2CselectionType%3AINCLUDED)))%2C(type%3AREGION%2Cvalues%3AList((id%3A102890719%2Ctext%3ANetherlands%2CselectionType%3AINCLUDED)%2C(id%3A100364837%2Ctext%3APortugal%2CselectionType%3AINCLUDED)%2C(id%3A106057199%2Ctext%3ABrazil%2CselectionType%3AINCLUDED)%2C(id%3A101282230%2Ctext%3AGermany%2CselectionType%3AINCLUDED)%2C(id%3A105646813%2Ctext%3ASpain%2CselectionType%3AINCLUDED)))%2C(type%3ACOMPANY_HEADCOUNT%2Cvalues%3AList((id%3AE%2Ctext%3A201-500%2CselectionType%3AINCLUDED)%2C(id%3AF%2Ctext%3A501-1000%2CselectionType%3AINCLUDED)%2C(id%3AG%2Ctext%3A1001-5000%2CselectionType%3AINCLUDED)%2C(id%3AH%2Ctext%3A5001-10%252C000%2CselectionType%3AINCLUDED)%2C(id%3AI%2Ctext%3A10%252C000%252B%2CselectionType%3AINCLUDED)))%2C(type%3ASENIORITY_LEVEL%2Cvalues%3AList((id%3A320%2Ctext%3AOwner%2520%252F%2520Partner%2CselectionType%3AINCLUDED)%2C(id%3A310%2Ctext%3ACXO%2CselectionType%3AINCLUDED)%2C(id%3A300%2Ctext%3AVice%2520President%2CselectionType%3AINCLUDED))))%2Ckeywords%3Afounder%2520OR%2520co-founder%2520OR%2520CEO%2520OR%2520chief%2520executive%2520officer%2520OR%2520owner%2520OR%2520managing%2520partner%2520OR%2520managing%2520director%2520OR%2520president%2520OR%2520group%2520CEO%2520OR%2520chief%2520operating%2520officer%2520OR%2520COO%2520OR%2520VP%2520operations%2520OR%2520operations%2520director%2520OR%2520operating%2520partner%2520OR%2520transformation%2520director%2520OR%2520VP%2520strategy%2520AND%2520%2522private%2520equity%2522%2520OR%2520%2522value%2520creation%2522%2520OR%2520P%2526L%2520OR%2520%2522multi-site%2522%2520OR%2520manufacturing%2520OR%2520%2522lean%2520six%2520sigma%2522%2520OR%2520turnaround%2520OR%2520%2522digital%2520transformation%2522)&sessionId=y1e6DeygSXibJUSAfZ9aLA%3D%3D&viewAllFilters=true,2026-09-06T17:12:25.261Z,https://linkedin.com/in/silvia-wiesner,573350508,Joey Moreau
"https://www.linkedin.com/sales/lead/ACwAAAEi47QBGOZxWMcldUTiAJvOVrumNDBRCvM,NAME_SEARCH,U79h",Mylène Siegers,Mylène,Siegers,Bibliotheek Den haag,Programmamaker,661200,https://www.linkedin.com/sales/company/661200,https://www.linkedin.com/company/661200,"Fotograaf met aantoonbare jarenlange werkervaring. Vaardig in Human Interest, fotojournalistiek, documentaire fotografie, commerciële fotografie, sociale media en fine art fotografie.","Het zelfstandig of samen met collega’s uit mijn team bedenken, produceren en uitvoeren van grote en kleine evenementen voor de verschillende doelgroepen van de Centrale Bibliotheek Den Haag. Waaronder tentoonstellingen, debatten, literaire optredens, boekenclubs, workshops, muzikale randprogrammering en informatie en gesprekken over maatschappelijk actuele thema's. Hierbij staat 'of, by, for all' voorop, oftewel vraaggericht werken in samenwerking met de communities van de stad! Waarbij de verbinding met de collectie als het unique selling point van de bibliotheek altijd het uitgangspunt is. Mijn speciale aandacht gaat uit naar aan inclusie gerelateerde thema's zoals de LHBTQ+ gemeenschap, het koloniale verleden, racisme en hierover het gesprek met elkaar aangaan. Informatie bieden in de breedste zin van het woord.",Libraries,"The Hague, South Holland, Netherlands","The Hague, South Holland, Netherlands",5 years 1 month in role,10 years 5 months in company,,,,,,2nd,,2,Mylène Siegers,ACwAAAEi47QBGOZxWMcldUTiAJvOVrumNDBRCvM,https://www.linkedin.com/in/ACwAAAEi47QBGOZxWMcldUTiAJvOVrumNDBRCvM/,FALSE,FALSE,https://www.linkedin.com/sales/search/people?query=(spellCorrectionEnabled%3Atrue%2CrecentSearchParam%3A(id%3A4517364857%2CdoLogHistory%3Atrue)%2Cfilters%3AList((type%3ACONNECTION_OF%2Cvalues%3AList((id%3AACwAAAn2NDEBGumkSP-qxyxZk6BvpJETw5-rZ9I%2Ctext%3ADr.%2520Kauan%2520von%2520Novack%2CselectionType%3AINCLUDED)))%2C(type%3ARELATIONSHIP%2Cvalues%3AList((id%3AF%2Ctext%3A1st%2520degree%2520connections%2CselectionType%3AINCLUDED)%2C(id%3AS%2Ctext%3A2nd%2520degree%2520connections%2CselectionType%3AINCLUDED)))%2C(type%3AREGION%2Cvalues%3AList((id%3A102890719%2Ctext%3ANetherlands%2CselectionType%3AINCLUDED)%2C(id%3A100364837%2Ctext%3APortugal%2CselectionType%3AINCLUDED)%2C(id%3A106057199%2Ctext%3ABrazil%2CselectionType%3AINCLUDED)%2C(id%3A101282230%2Ctext%3AGermany%2CselectionType%3AINCLUDED)%2C(id%3A105646813%2Ctext%3ASpain%2CselectionType%3AINCLUDED)))%2C(type%3ACOMPANY_HEADCOUNT%2Cvalues%3AList((id%3AE%2Ctext%3A201-500%2CselectionType%3AINCLUDED)%2C(id%3AF%2Ctext%3A501-1000%2CselectionType%3AINCLUDED)%2C(id%3AG%2Ctext%3A1001-5000%2CselectionType%3AINCLUDED)%2C(id%3AH%2Ctext%3A5001-10%252C000%2CselectionType%3AINCLUDED)%2C(id%3AI%2Ctext%3A10%252C000%252B%2CselectionType%3AINCLUDED)))%2C(type%3ASENIORITY_LEVEL%2Cvalues%3AList((id%3A320%2Ctext%3AOwner%2520%252F%2520Partner%2CselectionType%3AINCLUDED)%2C(id%3A310%2Ctext%3ACXO%2CselectionType%3AINCLUDED)%2C(id%3A300%2Ctext%3AVice%2520President%2CselectionType%3AINCLUDED))))%2Ckeywords%3Afounder%2520OR%2520co-founder%2520OR%2520CEO%2520OR%2520chief%2520executive%2520officer%2520OR%2520owner%2520OR%2520managing%2520partner%2520OR%2520managing%2520director%2520OR%2520president%2520OR%2520group%2520CEO%2520OR%2520chief%2520operating%2520officer%2520OR%2520COO%2520OR%2520VP%2520operations%2520OR%2520operations%2520director%2520OR%2520operating%2520partner%2520OR%2520transformation%2520director%2520OR%2520VP%2520strategy%2520AND%2520%2522private%2520equity%2522%2520OR%2520%2522value%2520creation%2522%2520OR%2520P%2526L%2520OR%2520%2522multi-site%2522%2520OR%2520manufacturing%2520OR%2520%2522lean%2520six%2520sigma%2522%2520OR%2520turnaround%2520OR%2520%2522digital%2520transformation%2522)&sessionId=y1e6DeygSXibJUSAfZ9aLA%3D%3D&viewAllFilters=true,2026-09-06T17:12:25.261Z,https://linkedin.com/in/mylenesiegers,573350508,Joey Moreau
"https://www.linkedin.com/sales/lead/ACwAAAAOIpEBnj9gDvZi8yX2l8vxyziAjmEHH6I,NAME_SEARCH,O-ZE",Erik de Muinck Keizer,Erik,de Muinck Keizer,Miro,Vice President & Head of EMEA North & Emerging,19029173,https://www.linkedin.com/sales/company/19029173,https://www.linkedin.com/company/19029173,"GTM Leader with over 20 years extensive international experience in building start/scale-ups and large technology companies, achieving outstanding growth. 

Thrilled by growing businesses, attracting talented people and build passionate and high performance teams. Proven track record implementing local/regional strategies delivering high growth results.

It is my firm belief through personal experience that authentic and passionate leadership, combined with a clear vision and strategy will lead to highly motivated people/teams and optimal results.

Specialties:
Passionate and goal-oriented leader with a proven track record of building and leading world-class teams across EMEA in both large organizations and scale-up organizations. Fosters winning team cultures by developing and motivating others. Setting high standards for people-managers, defining vision and fostering collaborative work environments built on trust. 

Board Member - Nederland Cares

Advisory Board Member - Frans Hals Museum","Leading and building Miro in EMEA North and Emerging Markets. Miro is the AI Innovation Workspace. 100M+ users and 250 000 of the world's most successful and innovative companies use Miro including Netflix, Twitter, Skyscanner, Upwork, Expedia, Spotify, eBay, Cisco, Sapient, Geometry, Autodesk, PwC, Deloitte and others.

Miro is a team of 1,600+ Mironeers across 14 global hubs on a mission to empower teams to create the next big thing.",Software Development,"San Francisco, California, United States","Amsterdam, North Holland, Netherlands",4 months in role,4 months in company,,,,,,2nd,https://media.licdn.com/dms/image/v2/D4E03AQFoHPv8Hw-9tg/profile-displayphoto-crop_800_800/B4EZ7MCjQnJIAI-/0/1781539685596?e=1790208000&v=beta&t=ggbt-bLJln8sBpauO3KxU6nk3zcSV2S3rTShOlQGOSg,67,Erik de Muinck Keizer,ACwAAAAOIpEBnj9gDvZi8yX2l8vxyziAjmEHH6I,https://www.linkedin.com/in/ACwAAAAOIpEBnj9gDvZi8yX2l8vxyziAjmEHH6I/,TRUE,FALSE,https://www.linkedin.com/sales/search/people?query=(spellCorrectionEnabled%3Atrue%2CrecentSearchParam%3A(id%3A4517364857%2CdoLogHistory%3Atrue)%2Cfilters%3AList((type%3ACONNECTION_OF%2Cvalues%3AList((id%3AACwAAAn2NDEBGumkSP-qxyxZk6BvpJETw5-rZ9I%2Ctext%3ADr.%2520Kauan%2520von%2520Novack%2CselectionType%3AINCLUDED)))%2C(type%3ARELATIONSHIP%2Cvalues%3AList((id%3AF%2Ctext%3A1st%2520degree%2520connections%2CselectionType%3AINCLUDED)%2C(id%3AS%2Ctext%3A2nd%2520degree%2520connections%2CselectionType%3AINCLUDED)))%2C(type%3AREGION%2Cvalues%3AList((id%3A102890719%2Ctext%3ANetherlands%2CselectionType%3AINCLUDED)%2C(id%3A100364837%2Ctext%3APortugal%2CselectionType%3AINCLUDED)%2C(id%3A106057199%2Ctext%3ABrazil%2CselectionType%3AINCLUDED)%2C(id%3A101282230%2Ctext%3AGermany%2CselectionType%3AINCLUDED)%2C(id%3A105646813%2Ctext%3ASpain%2CselectionType%3AINCLUDED)))%2C(type%3ACOMPANY_HEADCOUNT%2Cvalues%3AList((id%3AE%2Ctext%3A201-500%2CselectionType%3AINCLUDED)%2C(id%3AF%2Ctext%3A501-1000%2CselectionType%3AINCLUDED)%2C(id%3AG%2Ctext%3A1001-5000%2CselectionType%3AINCLUDED)%2C(id%3AH%2Ctext%3A5001-10%252C000%2CselectionType%3AINCLUDED)%2C(id%3AI%2Ctext%3A10%252C000%252B%2CselectionType%3AINCLUDED)))%2C(type%3ASENIORITY_LEVEL%2Cvalues%3AList((id%3A320%2Ctext%3AOwner%2520%252F%2520Partner%2CselectionType%3AINCLUDED)%2C(id%3A310%2Ctext%3ACXO%2CselectionType%3AINCLUDED)%2C(id%3A300%2Ctext%3AVice%2520President%2CselectionType%3AINCLUDED))))%2Ckeywords%3Afounder%2520OR%2520co-founder%2520OR%2520CEO%2520OR%2520chief%2520executive%2520officer%2520OR%2520owner%2520OR%2520managing%2520partner%2520OR%2520managing%2520director%2520OR%2520president%2520OR%2520group%2520CEO%2520OR%2520chief%2520operating%2520officer%2520OR%2520COO%2520OR%2520VP%2520operations%2520OR%2520operations%2520director%2520OR%2520operating%2520partner%2520OR%2520transformation%2520director%2520OR%2520VP%2520strategy%2520AND%2520%2522private%2520equity%2522%2520OR%2520%2522value%2520creation%2522%2520OR%2520P%2526L%2520OR%2520%2522multi-site%2522%2520OR%2520manufacturing%2520OR%2520%2522lean%2520six%2520sigma%2522%2520OR%2520turnaround%2520OR%2520%2522digital%2520transformation%2522)&sessionId=y1e6DeygSXibJUSAfZ9aLA%3D%3D&viewAllFilters=true,2026-09-06T17:12:25.261Z,https://linkedin.com/in/101943,573350508,Joey Moreau
"https://www.linkedin.com/sales/lead/ACwAAABrQrsBc-y8SIMbJOyEhKQkzD3ucvUMjmw,NAME_SEARCH,_uiz",Sander van Dasselaar,Sander,van Dasselaar,Delta Electronics EMEA,Head of EMEA IA Strategic Business Platform,1687663,https://www.linkedin.com/sales/company/1687663,https://www.linkedin.com/company/1687663,"As Head of EMEA Industrial Automation Business Platform at Delta Electronics, I oversee the strategic direction, market expansion and sustainable growth of the Industrial Automation segment across Europe, the Middle East and Africa. With over eight years of experience in board relations and stakeholder management, I focus on fostering cross-functional collaboration among sales, engineering and global teams to position Industrial Automation as a core pillar of Delta’s regional strategy.  My mission is to drive commercial transformation, enhance market presence and accelerate penetration in OEM and industrial segments. I am committed to aligning business objectives with innovative approaches, ensuring long-term value creation for the organization and its stakeholders.","Executive leadership of Delta Electronics Industrial Automation business across EMEA, spearheading regional strategy, business transformation and profitable growth initiatives. 
Responsible for accelerating market expansion, strengthening channel and customer engagement, driving sustainable revenue growth across ODM, OEM and Industrial segments.
Orchestrating cross-functional alignment between commercial, engineering and global stakeholders to execute strategic priorities, enhance market leadership to position Industrial Automation as a cornerstone of Delta’s long-term EMEA growth strategy.","Appliances, Electrical, and Electronics Manufacturing","Hoofddorp, North Holland, Netherlands","Nijkerk, Gelderland, Netherlands",4 months in role,11 months in company,,,,,,2nd,https://media.licdn.com/dms/image/v2/D4E03AQFoTv7aZTcbPg/profile-displayphoto-crop_800_800/B4EZpvkq3rKsAI-/0/1762808475722?e=1790208000&v=beta&t=vkcBZhf_-jomedSUUhX5gZ15RrPSY6Oynefv_mIeBqo,35,Sander van Dasselaar,ACwAAABrQrsBc-y8SIMbJOyEhKQkzD3ucvUMjmw,https://www.linkedin.com/in/ACwAAABrQrsBc-y8SIMbJOyEhKQkzD3ucvUMjmw/,TRUE,FALSE,https://www.linkedin.com/sales/search/people?query=(spellCorrectionEnabled%3Atrue%2CrecentSearchParam%3A(id%3A4517364857%2CdoLogHistory%3Atrue)%2Cfilters%3AList((type%3ACONNECTION_OF%2Cvalues%3AList((id%3AACwAAAn2NDEBGumkSP-qxyxZk6BvpJETw5-rZ9I%2Ctext%3ADr.%2520Kauan%2520von%2520Novack%2CselectionType%3AINCLUDED)))%2C(type%3ARELATIONSHIP%2Cvalues%3AList((id%3AF%2Ctext%3A1st%2520degree%2520connections%2CselectionType%3AINCLUDED)%2C(id%3AS%2Ctext%3A2nd%2520degree%2520connections%2CselectionType%3AINCLUDED)))%2C(type%3AREGION%2Cvalues%3AList((id%3A102890719%2Ctext%3ANetherlands%2CselectionType%3AINCLUDED)%2C(id%3A100364837%2Ctext%3APortugal%2CselectionType%3AINCLUDED)%2C(id%3A106057199%2Ctext%3ABrazil%2CselectionType%3AINCLUDED)%2C(id%3A101282230%2Ctext%3AGermany%2CselectionType%3AINCLUDED)%2C(id%3A105646813%2Ctext%3ASpain%2CselectionType%3AINCLUDED)))%2C(type%3ACOMPANY_HEADCOUNT%2Cvalues%3AList((id%3AE%2Ctext%3A201-500%2CselectionType%3AINCLUDED)%2C(id%3AF%2Ctext%3A501-1000%2CselectionType%3AINCLUDED)%2C(id%3AG%2Ctext%3A1001-5000%2CselectionType%3AINCLUDED)%2C(id%3AH%2Ctext%3A5001-10%252C000%2CselectionType%3AINCLUDED)%2C(id%3AI%2Ctext%3A10%252C000%252B%2CselectionType%3AINCLUDED)))%2C(type%3ASENIORITY_LEVEL%2Cvalues%3AList((id%3A320%2Ctext%3AOwner%2520%252F%2520Partner%2CselectionType%3AINCLUDED)%2C(id%3A310%2Ctext%3ACXO%2CselectionType%3AINCLUDED)%2C(id%3A300%2Ctext%3AVice%2520President%2CselectionType%3AINCLUDED))))%2Ckeywords%3Afounder%2520OR%2520co-founder%2520OR%2520CEO%2520OR%2520chief%2520executive%2520officer%2520OR%2520owner%2520OR%2520managing%2520partner%2520OR%2520managing%2520director%2520OR%2520president%2520OR%2520group%2520CEO%2520OR%2520chief%2520operating%2520officer%2520OR%2520COO%2520OR%2520VP%2520operations%2520OR%2520operations%2520director%2520OR%2520operating%2520partner%2520OR%2520transformation%2520director%2520OR%2520VP%2520strategy%2520AND%2520%2522private%2520equity%2522%2520OR%2520%2522value%2520creation%2522%2520OR%2520P%2526L%2520OR%2520%2522multi-site%2522%2520OR%2520manufacturing%2520OR%2520%2522lean%2520six%2520sigma%2522%2520OR%2520turnaround%2520OR%2520%2522digital%2520transformation%2522)&sessionId=y1e6DeygSXibJUSAfZ9aLA%3D%3D&viewAllFilters=true,2026-09-06T17:12:25.261Z,https://linkedin.com/in/sander-van-dasselaar-b6342b2,573350508,Joey Moreau
"https://www.linkedin.com/sales/lead/ACwAAAAMwtQBMQPfWtRasLEQ84nfcRcIl_91WCM,NAME_SEARCH,pkKD",Hans Ruinemans,Hans,Ruinemans,ACTA (Academisch Centrum Tandheelkunde Amsterdam),Vice president Client Council,299081,https://www.linkedin.com/sales/company/299081,https://www.linkedin.com/company/299081,"Most people who call me today do not have a problem that needs to be solved.They have reached a point where the authority that brought them this far is no longer the authority that will take them forward.It can happen early. Shortly after a succession or acquisition, the organization is waiting for evidence of authority that cannot yet exist.Or late. After years of advancing through the organization, someone realizes that the identity that brought them there can no longer carry the next decision.The same inflection point, on opposite sides of the same clock.That is the only point at which I work.Not with those seeking validation. Not with those who want more analysis. But with those who sense that the real issue has yet to be put on the table, and who know that postponement has itself become a decision.As Chair of the Advisory Board of Rhosonics, I worked with a young CEO during a period when both he and the company were under pressure. My role was not to rescue them, but to provide direction and clear boundaries.At the Academic Center for Dentistry Amsterdam (ACTA), I established the Client Council in a governance context where both structure and legitimacy still had to be built.I also worked with a senior executive who, after a long internal ascent from intern to CEO, reached precisely this impasse: the authority that had carried him upward could take him no further.I know this transition from the inside: from filmmaker to consultant, and from consultant to the work I do now.My practice is grounded in thirty years of entrepreneurship. During that time, I built companies, developed business propositions, and worked for international clients including Robeco, Capgemini, and the United Nations.That experience has shaped my ability to sit with an executive - newly appointed or promoted through the organization over many years - and quickly recognize which issue still remains outside the frame.I work confidentially, directly, and always without PowerPoint.","Representing a client group of 33,000 patients.",Hospitals and Health Care,"Amsterdam, North Holland, Netherlands","The Randstad, Netherlands",5 years 4 months in role,5 years 4 months in company,Bureau Acht,https://www.linkedin.com/company/11688343,Founder / CEO,11/2013-01/2017,3 years 2 months,2nd,https://media.licdn.com/dms/image/v2/D4E03AQGoLw-S6uVg2w/profile-displayphoto-crop_800_800/B4EZu3N9HNKgAI-/0/1768305448917?e=1790208000&v=beta&t=Onx_SwFrnrq1EDFW16-htBxaWGh-Ykx-WweKjpyFUVY,370,Hans Ruinemans,ACwAAAAMwtQBMQPfWtRasLEQ84nfcRcIl_91WCM,https://www.linkedin.com/in/ACwAAAAMwtQBMQPfWtRasLEQ84nfcRcIl_91WCM/,TRUE,FALSE,https://www.linkedin.com/sales/search/people?query=(spellCorrectionEnabled%3Atrue%2CrecentSearchParam%3A(id%3A4517364857%2CdoLogHistory%3Atrue)%2Cfilters%3AList((type%3ACONNECTION_OF%2Cvalues%3AList((id%3AACwAAAn2NDEBGumkSP-qxyxZk6BvpJETw5-rZ9I%2Ctext%3ADr.%2520Kauan%2520von%2520Novack%2CselectionType%3AINCLUDED)))%2C(type%3ARELATIONSHIP%2Cvalues%3AList((id%3AF%2Ctext%3A1st%2520degree%2520connections%2CselectionType%3AINCLUDED)%2C(id%3AS%2Ctext%3A2nd%2520degree%2520connections%2CselectionType%3AINCLUDED)))%2C(type%3AREGION%2Cvalues%3AList((id%3A102890719%2Ctext%3ANetherlands%2CselectionType%3AINCLUDED)%2C(id%3A100364837%2Ctext%3APortugal%2CselectionType%3AINCLUDED)%2C(id%3A106057199%2Ctext%3ABrazil%2CselectionType%3AINCLUDED)%2C(id%3A101282230%2Ctext%3AGermany%2CselectionType%3AINCLUDED)%2C(id%3A105646813%2Ctext%3ASpain%2CselectionType%3AINCLUDED)))%2C(type%3ACOMPANY_HEADCOUNT%2Cvalues%3AList((id%3AE%2Ctext%3A201-500%2CselectionType%3AINCLUDED)%2C(id%3AF%2Ctext%3A501-1000%2CselectionType%3AINCLUDED)%2C(id%3AG%2Ctext%3A1001-5000%2CselectionType%3AINCLUDED)%2C(id%3AH%2Ctext%3A5001-10%252C000%2CselectionType%3AINCLUDED)%2C(id%3AI%2Ctext%3A10%252C000%252B%2CselectionType%3AINCLUDED)))%2C(type%3ASENIORITY_LEVEL%2Cvalues%3AList((id%3A320%2Ctext%3AOwner%2520%252F%2520Partner%2CselectionType%3AINCLUDED)%2C(id%3A310%2Ctext%3ACXO%2CselectionType%3AINCLUDED)%2C(id%3A300%2Ctext%3AVice%2520President%2CselectionType%3AINCLUDED))))%2Ckeywords%3Afounder%2520OR%2520co-founder%2520OR%2520CEO%2520OR%2520chief%2520executive%2520officer%2520OR%2520owner%2520OR%2520managing%2520partner%2520OR%2520managing%2520director%2520OR%2520president%2520OR%2520group%2520CEO%2520OR%2520chief%2520operating%2520officer%2520OR%2520COO%2520OR%2520VP%2520operations%2520OR%2520operations%2520director%2520OR%2520operating%2520partner%2520OR%2520transformation%2520director%2520OR%2520VP%2520strategy%2520AND%2520%2522private%2520equity%2522%2520OR%2520%2522value%2520creation%2522%2520OR%2520P%2526L%2520OR%2520%2522multi-site%2522%2520OR%2520manufacturing%2520OR%2520%2522lean%2520six%2520sigma%2522%2520OR%2520turnaround%2520OR%2520%2522digital%2520transformation%2522)&sessionId=y1e6DeygSXibJUSAfZ9aLA%3D%3D&viewAllFilters=true,2026-09-06T17:12:25.261Z,https://linkedin.com/in/hansruinemans,573350508,Joey Moreau
"https://www.linkedin.com/sales/lead/ACwAAAEhg_8B7Ut7_qUJg6e07ULoNC4FiBwNLgQ,NAME_SEARCH,Fv-w",Dymphna 💃🏻 Elsink,Dymphna 💃🏻,Elsink,De Sprank,Partner at De Sprank,,,,"Hoi, leuk dat je op mijn profiel terecht bent gekomen!
Zoals je misschien gelezen hebt, ben ik nogal veelzijdig. 

Ik ben Dymphna, ik ben 53 en ik vind dat er nog zoveel te beleven is. Daarom heb ik de stoute schoenen aangedaan en besloten om opnieuw te beginnen. Ik ben in 2024 vennoot geworden van De Sprank, een onderneming die zich inzet voor een andere manier van bedrijfsvoeren en een eerlijkere economie. Voor meer informatie verwijs ik je graag naar de website van Sleipnir. 
De komende tijd blijf ik mij verdiepen in de wereld van het kind en wat voor mooi werk daar allemaal in te doen is. Drie middagen per week ben ik Juf bij Het Grote Huis. Daarnaast ben ik onderdeel van het organisatieteam en roosterteam van De Sprank. Het regelen blijft uiteraard altijd een rode lijn in alles wat ik doe en ik heb daar ook gewoon heel veel plezier in. 

Kortom: ik ben leergierig, ik heb affiniteit met office management, onderwijs, detailhandel (ik heb o.a. bij de Bijenkorf gewerkt), wat ik vooral leuk vind is werken met mensen. Ik spreek Nederlands, vloeiend Engels en Spaans en mijn Frans is wat roestig, maar versta ik goed.

Liefs, Dymphna",,,,"The Randstad, Netherlands",2 years 9 months in role,2 years 9 months in company,,,,,,2nd,https://media.licdn.com/dms/image/v2/C4E03AQERzn4IwfxiBQ/profile-displayphoto-shrink_800_800/profile-displayphoto-shrink_800_800/0/1635334798121?e=1790208000&v=beta&t=h6cr8fnH0XjleHJofm_9FJoHM3Cv0nkVmvRHnMI2tm0,9,Dymphna 💃🏻 Elsink,ACwAAAEhg_8B7Ut7_qUJg6e07ULoNC4FiBwNLgQ,https://www.linkedin.com/in/ACwAAAEhg_8B7Ut7_qUJg6e07ULoNC4FiBwNLgQ/,FALSE,FALSE,https://www.linkedin.com/sales/search/people?query=(spellCorrectionEnabled%3Atrue%2CrecentSearchParam%3A(id%3A4517364857%2CdoLogHistory%3Atrue)%2Cfilters%3AList((type%3ACONNECTION_OF%2Cvalues%3AList((id%3AACwAAAn2NDEBGumkSP-qxyxZk6BvpJETw5-rZ9I%2Ctext%3ADr.%2520Kauan%2520von%2520Novack%2CselectionType%3AINCLUDED)))%2C(type%3ARELATIONSHIP%2Cvalues%3AList((id%3AF%2Ctext%3A1st%2520degree%2520connections%2CselectionType%3AINCLUDED)%2C(id%3AS%2Ctext%3A2nd%2520degree%2520connections%2CselectionType%3AINCLUDED)))%2C(type%3AREGION%2Cvalues%3AList((id%3A102890719%2Ctext%3ANetherlands%2CselectionType%3AINCLUDED)%2C(id%3A100364837%2Ctext%3APortugal%2CselectionType%3AINCLUDED)%2C(id%3A106057199%2Ctext%3ABrazil%2CselectionType%3AINCLUDED)%2C(id%3A101282230%2Ctext%3AGermany%2CselectionType%3AINCLUDED)%2C(id%3A105646813%2Ctext%3ASpain%2CselectionType%3AINCLUDED)))%2C(type%3ACOMPANY_HEADCOUNT%2Cvalues%3AList((id%3AE%2Ctext%3A201-500%2CselectionType%3AINCLUDED)%2C(id%3AF%2Ctext%3A501-1000%2CselectionType%3AINCLUDED)%2C(id%3AG%2Ctext%3A1001-5000%2CselectionType%3AINCLUDED)%2C(id%3AH%2Ctext%3A5001-10%252C000%2CselectionType%3AINCLUDED)%2C(id%3AI%2Ctext%3A10%252C000%252B%2CselectionType%3AINCLUDED)))%2C(type%3ASENIORITY_LEVEL%2Cvalues%3AList((id%3A320%2Ctext%3AOwner%2520%252F%2520Partner%2CselectionType%3AINCLUDED)%2C(id%3A310%2Ctext%3ACXO%2CselectionType%3AINCLUDED)%2C(id%3A300%2Ctext%3AVice%2520President%2CselectionType%3AINCLUDED))))%2Ckeywords%3Afounder%2520OR%2520co-founder%2520OR%2520CEO%2520OR%2520chief%2520executive%2520officer%2520OR%2520owner%2520OR%2520managing%2520partner%2520OR%2520managing%2520director%2520OR%2520president%2520OR%2520group%2520CEO%2520OR%2520chief%2520operating%2520officer%2520OR%2520COO%2520OR%2520VP%2520operations%2520OR%2520operations%2520director%2520OR%2520operating%2520partner%2520OR%2520transformation%2520director%2520OR%2520VP%2520strategy%2520AND%2520%2522private%2520equity%2522%2520OR%2520%2522value%2520creation%2522%2520OR%2520P%2526L%2520OR%2520%2522multi-site%2522%2520OR%2520manufacturing%2520OR%2520%2522lean%2520six%2520sigma%2522%2520OR%2520turnaround%2520OR%2520%2522digital%2520transformation%2522)&sessionId=y1e6DeygSXibJUSAfZ9aLA%3D%3D&viewAllFilters=true,2026-09-06T17:12:25.261Z,https://linkedin.com/in/dymphnaelsink,573350508,Joey Moreau
"https://www.linkedin.com/sales/lead/ACwAAAHcYwMBj4vursa4rsuPB4BNL-AEeaJN-00,NAME_SEARCH,Aqbj",Bastiaan van Tilburg,Bastiaan,van Tilburg,Nutreco,Nutreco - CEO,13563,https://www.linkedin.com/sales/company/13563,https://www.linkedin.com/company/13563,,,Food and Beverage Manufacturing,"Amersfoort, Utrecht, Netherlands","Zeist, Utrecht, Netherlands",1 year 1 month in role,7 years 9 months in company,The HEINEKEN Company,https://www.linkedin.com/company/3131,Intern Supply and distribution,02/2009-08/2009,6 months,2nd,https://media.licdn.com/dms/image/v2/D4E03AQEc8YsXOVUZHg/profile-displayphoto-shrink_800_800/profile-displayphoto-shrink_800_800/0/1718736623409?e=1790208000&v=beta&t=ZV6tm4RrZuV2frHzyYDoI_Q7u9w7Ae-qh0fPujnT1kU,47,Bastiaan van Tilburg,ACwAAAHcYwMBj4vursa4rsuPB4BNL-AEeaJN-00,https://www.linkedin.com/in/ACwAAAHcYwMBj4vursa4rsuPB4BNL-AEeaJN-00/,FALSE,FALSE,https://www.linkedin.com/sales/search/people?query=(spellCorrectionEnabled%3Atrue%2CrecentSearchParam%3A(id%3A4517364857%2CdoLogHistory%3Atrue)%2Cfilters%3AList((type%3ACONNECTION_OF%2Cvalues%3AList((id%3AACwAAAn2NDEBGumkSP-qxyxZk6BvpJETw5-rZ9I%2Ctext%3ADr.%2520Kauan%2520von%2520Novack%2CselectionType%3AINCLUDED)))%2C(type%3ARELATIONSHIP%2Cvalues%3AList((id%3AF%2Ctext%3A1st%2520degree%2520connections%2CselectionType%3AINCLUDED)%2C(id%3AS%2Ctext%3A2nd%2520degree%2520connections%2CselectionType%3AINCLUDED)))%2C(type%3AREGION%2Cvalues%3AList((id%3A102890719%2Ctext%3ANetherlands%2CselectionType%3AINCLUDED)%2C(id%3A100364837%2Ctext%3APortugal%2CselectionType%3AINCLUDED)%2C(id%3A106057199%2Ctext%3ABrazil%2CselectionType%3AINCLUDED)%2C(id%3A101282230%2Ctext%3AGermany%2CselectionType%3AINCLUDED)%2C(id%3A105646813%2Ctext%3ASpain%2CselectionType%3AINCLUDED)))%2C(type%3ACOMPANY_HEADCOUNT%2Cvalues%3AList((id%3AE%2Ctext%3A201-500%2CselectionType%3AINCLUDED)%2C(id%3AF%2Ctext%3A501-1000%2CselectionType%3AINCLUDED)%2C(id%3AG%2Ctext%3A1001-5000%2CselectionType%3AINCLUDED)%2C(id%3AH%2Ctext%3A5001-10%252C000%2CselectionType%3AINCLUDED)%2C(id%3AI%2Ctext%3A10%252C000%252B%2CselectionType%3AINCLUDED)))%2C(type%3ASENIORITY_LEVEL%2Cvalues%3AList((id%3A320%2Ctext%3AOwner%2520%252F%2520Partner%2CselectionType%3AINCLUDED)%2C(id%3A310%2Ctext%3ACXO%2CselectionType%3AINCLUDED)%2C(id%3A300%2Ctext%3AVice%2520President%2CselectionType%3AINCLUDED))))%2Ckeywords%3Afounder%2520OR%2520co-founder%2520OR%2520CEO%2520OR%2520chief%2520executive%2520officer%2520OR%2520owner%2520OR%2520managing%2520partner%2520OR%2520managing%2520director%2520OR%2520president%2520OR%2520group%2520CEO%2520OR%2520chief%2520operating%2520officer%2520OR%2520COO%2520OR%2520VP%2520operations%2520OR%2520operations%2520director%2520OR%2520operating%2520partner%2520OR%2520transformation%2520director%2520OR%2520VP%2520strategy%2520AND%2520%2522private%2520equity%2522%2520OR%2520%2522value%2520creation%2522%2520OR%2520P%2526L%2520OR%2520%2522multi-site%2522%2520OR%2520manufacturing%2520OR%2520%2522lean%2520six%2520sigma%2522%2520OR%2520turnaround%2520OR%2520%2522digital%2520transformation%2522)&sessionId=y1e6DeygSXibJUSAfZ9aLA%3D%3D&viewAllFilters=true,2026-09-06T17:12:25.261Z,https://linkedin.com/in/bastiaanvantilburg,573350508,Joey Moreau
"https://www.linkedin.com/sales/lead/ACwAAAAggsQB6eCMPJxS7XVJ8D0omhhba1wT75M,NAME_SEARCH,YDCZ",Jan Kruise,Jan,Kruise,Mondelēz International,Senior Vice President and Managing Director DACH,1511,https://www.linkedin.com/sales/company/1511,https://www.linkedin.com/company/1511,"I am a performance-focused and highly driven Business Leader with 30+ years international FMCG experience in multinational companies. I have full P&L responsibility since 2005 and lived in 5 different countries. By means of creating and delivering commercial strategies with several fantastic teams, we have delivered sustainable growth in various circumstances and complex situations, whilst implementing necessary interventions to ensure delivery. I have been acknowledged for leadership skills that enable me to create clear focus, trust and enthusiasm within teams. Dutch is my native language and I speak English (fluent), German (good) and several other languages at basic level.",,Food and Beverage Manufacturing,"Chicago, Illinois, United States",Germany,2 years 11 months in role,2 years 11 months in company,FrieslandCampina,https://www.linkedin.com/company/226086,"Managing Director Germany, Austria, Switzerland",03/2017-04/2021,4 years 1 month,2nd,https://media.licdn.com/dms/image/v2/D4E03AQE_XTVjiTQgJw/profile-displayphoto-shrink_800_800/profile-displayphoto-shrink_800_800/0/1691848136172?e=1790208000&v=beta&t=D4zBk9kZo8UAGZjTY2ToGl83jHDyjwTLjSK4UMHXG-A,21,Jan Kruise,ACwAAAAggsQB6eCMPJxS7XVJ8D0omhhba1wT75M,https://www.linkedin.com/in/ACwAAAAggsQB6eCMPJxS7XVJ8D0omhhba1wT75M/,FALSE,FALSE,https://www.linkedin.com/sales/search/people?query=(spellCorrectionEnabled%3Atrue%2CrecentSearchParam%3A(id%3A4517364857%2CdoLogHistory%3Atrue)%2Cfilters%3AList((type%3ACONNECTION_OF%2Cvalues%3AList((id%3AACwAAAn2NDEBGumkSP-qxyxZk6BvpJETw5-rZ9I%2Ctext%3ADr.%2520Kauan%2520von%2520Novack%2CselectionType%3AINCLUDED)))%2C(type%3ARELATIONSHIP%2Cvalues%3AList((id%3AF%2Ctext%3A1st%2520degree%2520connections%2CselectionType%3AINCLUDED)%2C(id%3AS%2Ctext%3A2nd%2520degree%2520connections%2CselectionType%3AINCLUDED)))%2C(type%3AREGION%2Cvalues%3AList((id%3A102890719%2Ctext%3ANetherlands%2CselectionType%3AINCLUDED)%2C(id%3A100364837%2Ctext%3APortugal%2CselectionType%3AINCLUDED)%2C(id%3A106057199%2Ctext%3ABrazil%2CselectionType%3AINCLUDED)%2C(id%3A101282230%2Ctext%3AGermany%2CselectionType%3AINCLUDED)%2C(id%3A105646813%2Ctext%3ASpain%2CselectionType%3AINCLUDED)))%2C(type%3ACOMPANY_HEADCOUNT%2Cvalues%3AList((id%3AE%2Ctext%3A201-500%2CselectionType%3AINCLUDED)%2C(id%3AF%2Ctext%3A501-1000%2CselectionType%3AINCLUDED)%2C(id%3AG%2Ctext%3A1001-5000%2CselectionType%3AINCLUDED)%2C(id%3AH%2Ctext%3A5001-10%252C000%2CselectionType%3AINCLUDED)%2C(id%3AI%2Ctext%3A10%252C000%252B%2CselectionType%3AINCLUDED)))%2C(type%3ASENIORITY_LEVEL%2Cvalues%3AList((id%3A320%2Ctext%3AOwner%2520%252F%2520Partner%2CselectionType%3AINCLUDED)%2C(id%3A310%2Ctext%3ACXO%2CselectionType%3AINCLUDED)%2C(id%3A300%2Ctext%3AVice%2520President%2CselectionType%3AINCLUDED))))%2Ckeywords%3Afounder%2520OR%2520co-founder%2520OR%2520CEO%2520OR%2520chief%2520executive%2520officer%2520OR%2520owner%2520OR%2520managing%2520partner%2520OR%2520managing%2520director%2520OR%2520president%2520OR%2520group%2520CEO%2520OR%2520chief%2520operating%2520officer%2520OR%2520COO%2520OR%2520VP%2520operations%2520OR%2520operations%2520director%2520OR%2520operating%2520partner%2520OR%2520transformation%2520director%2520OR%2520VP%2520strategy%2520AND%2520%2522private%2520equity%2522%2520OR%2520%2522value%2520creation%2522%2520OR%2520P%2526L%2520OR%2520%2522multi-site%2522%2520OR%2520manufacturing%2520OR%2520%2522lean%2520six%2520sigma%2522%2520OR%2520turnaround%2520OR%2520%2522digital%2520transformation%2522)&sessionId=y1e6DeygSXibJUSAfZ9aLA%3D%3D&viewAllFilters=true,2026-09-06T17:12:25.261Z,https://linkedin.com/in/jan-kruise-004869,573350508,Joey Moreau
"https://www.linkedin.com/sales/lead/ACwAAALBICcBvRRs4PwDnmJuO9Gf6iZI1ROrCag,NAME_SEARCH,fjF0",Bruno Henrique Azevedo,Bruno Henrique,Azevedo,Hub da Saúde,CEO,71540466,https://www.linkedin.com/sales/company/71540466,https://www.linkedin.com/company/71540466,"My career begins at large banks such as Bankboston and Santander, where I gained experience in financial areas, O&M - Organizations and Methods and others. 
In 2004, I officially began my career as an ""entrepreneur"" by creating, together with Family Office – Grupo DBC, the company Delta Business Coworking .

In 2020 I created, together with Family Office – Grupo DBC - Clinovi Consultórios com Serviços (health coworking), in 2023 Oralix, which is the Dental vertical and in 2024 Alce Vidas – Clinicas T.E.A.
During this period, I was invited to be the CEO of the Health Hub, bringing all these initiatives into a single vehicle, generating capillarity, predictability, credibility and others for all companies in the group.","● Responsible for project management, operational, financial, commercial, and sales, as well as customer relationships.",Wellness and Fitness Services,,"São Paulo, São Paulo, Brazil",5 years 7 months in role,5 years 7 months in company,,,,,,2nd,https://media.licdn.com/dms/image/v2/D4D03AQFHdOFx2smUbw/profile-displayphoto-crop_800_800/B4DZgUh0H.HYAI-/0/1752691066848?e=1790208000&v=beta&t=8eqkqaaFByUdTbdhyu4hLeXUORDrOO93CH0rE63XgTU,11,Bruno Henrique Azevedo,ACwAAALBICcBvRRs4PwDnmJuO9Gf6iZI1ROrCag,https://www.linkedin.com/in/ACwAAALBICcBvRRs4PwDnmJuO9Gf6iZI1ROrCag/,TRUE,FALSE,https://www.linkedin.com/sales/search/people?query=(spellCorrectionEnabled%3Atrue%2CrecentSearchParam%3A(id%3A4517364857%2CdoLogHistory%3Atrue)%2Cfilters%3AList((type%3ACONNECTION_OF%2Cvalues%3AList((id%3AACwAAAn2NDEBGumkSP-qxyxZk6BvpJETw5-rZ9I%2Ctext%3ADr.%2520Kauan%2520von%2520Novack%2CselectionType%3AINCLUDED)))%2C(type%3ARELATIONSHIP%2Cvalues%3AList((id%3AF%2Ctext%3A1st%2520degree%2520connections%2CselectionType%3AINCLUDED)%2C(id%3AS%2Ctext%3A2nd%2520degree%2520connections%2CselectionType%3AINCLUDED)))%2C(type%3AREGION%2Cvalues%3AList((id%3A102890719%2Ctext%3ANetherlands%2CselectionType%3AINCLUDED)%2C(id%3A100364837%2Ctext%3APortugal%2CselectionType%3AINCLUDED)%2C(id%3A106057199%2Ctext%3ABrazil%2CselectionType%3AINCLUDED)%2C(id%3A101282230%2Ctext%3AGermany%2CselectionType%3AINCLUDED)%2C(id%3A105646813%2Ctext%3ASpain%2CselectionType%3AINCLUDED)))%2C(type%3ACOMPANY_HEADCOUNT%2Cvalues%3AList((id%3AE%2Ctext%3A201-500%2CselectionType%3AINCLUDED)%2C(id%3AF%2Ctext%3A501-1000%2CselectionType%3AINCLUDED)%2C(id%3AG%2Ctext%3A1001-5000%2CselectionType%3AINCLUDED)%2C(id%3AH%2Ctext%3A5001-10%252C000%2CselectionType%3AINCLUDED)%2C(id%3AI%2Ctext%3A10%252C000%252B%2CselectionType%3AINCLUDED)))%2C(type%3ASENIORITY_LEVEL%2Cvalues%3AList((id%3A320%2Ctext%3AOwner%2520%252F%2520Partner%2CselectionType%3AINCLUDED)%2C(id%3A310%2Ctext%3ACXO%2CselectionType%3AINCLUDED)%2C(id%3A300%2Ctext%3AVice%2520President%2CselectionType%3AINCLUDED))))%2Ckeywords%3Afounder%2520OR%2520co-founder%2520OR%2520CEO%2520OR%2520chief%2520executive%2520officer%2520OR%2520owner%2520OR%2520managing%2520partner%2520OR%2520managing%2520director%2520OR%2520president%2520OR%2520group%2520CEO%2520OR%2520chief%2520operating%2520officer%2520OR%2520COO%2520OR%2520VP%2520operations%2520OR%2520operations%2520director%2520OR%2520operating%2520partner%2520OR%2520transformation%2520director%2520OR%2520VP%2520strategy%2520AND%2520%2522private%2520equity%2522%2520OR%2520%2522value%2520creation%2522%2520OR%2520P%2526L%2520OR%2520%2522multi-site%2522%2520OR%2520manufacturing%2520OR%2520%2522lean%2520six%2520sigma%2522%2520OR%2520turnaround%2520OR%2520%2522digital%2520transformation%2522)&sessionId=y1e6DeygSXibJUSAfZ9aLA%3D%3D&viewAllFilters=true,2026-09-06T17:12:25.261Z,https://linkedin.com/in/brunoahazevedo,573350508,Joey Moreau
"https://www.linkedin.com/sales/lead/ACwAAAA0QsYBapGBPhnQPFpRT9oDXbPL3H2Mt5I,NAME_SEARCH,hwgE",Robert Kerssing,Robert,Kerssing,ConsolidateDocs,Advisor,104190534,https://www.linkedin.com/sales/company/104190534,https://www.linkedin.com/company/104190534,advisor | designer,,"Technology, Information and Internet","Cambridge, England, United Kingdom",Netherlands,1 year 9 months in role,1 year 9 months in company,,,,,,2nd,,41,Robert Kerssing,ACwAAAA0QsYBapGBPhnQPFpRT9oDXbPL3H2Mt5I,https://www.linkedin.com/in/ACwAAAA0QsYBapGBPhnQPFpRT9oDXbPL3H2Mt5I/,TRUE,FALSE,https://www.linkedin.com/sales/search/people?query=(spellCorrectionEnabled%3Atrue%2CrecentSearchParam%3A(id%3A4517364857%2CdoLogHistory%3Atrue)%2Cfilters%3AList((type%3ACONNECTION_OF%2Cvalues%3AList((id%3AACwAAAn2NDEBGumkSP-qxyxZk6BvpJETw5-rZ9I%2Ctext%3ADr.%2520Kauan%2520von%2520Novack%2CselectionType%3AINCLUDED)))%2C(type%3ARELATIONSHIP%2Cvalues%3AList((id%3AF%2Ctext%3A1st%2520degree%2520connections%2CselectionType%3AINCLUDED)%2C(id%3AS%2Ctext%3A2nd%2520degree%2520connections%2CselectionType%3AINCLUDED)))%2C(type%3AREGION%2Cvalues%3AList((id%3A102890719%2Ctext%3ANetherlands%2CselectionType%3AINCLUDED)%2C(id%3A100364837%2Ctext%3APortugal%2CselectionType%3AINCLUDED)%2C(id%3A106057199%2Ctext%3ABrazil%2CselectionType%3AINCLUDED)%2C(id%3A101282230%2Ctext%3AGermany%2CselectionType%3AINCLUDED)%2C(id%3A105646813%2Ctext%3ASpain%2CselectionType%3AINCLUDED)))%2C(type%3ACOMPANY_HEADCOUNT%2Cvalues%3AList((id%3AE%2Ctext%3A201-500%2CselectionType%3AINCLUDED)%2C(id%3AF%2Ctext%3A501-1000%2CselectionType%3AINCLUDED)%2C(id%3AG%2Ctext%3A1001-5000%2CselectionType%3AINCLUDED)%2C(id%3AH%2Ctext%3A5001-10%252C000%2CselectionType%3AINCLUDED)%2C(id%3AI%2Ctext%3A10%252C000%252B%2CselectionType%3AINCLUDED)))%2C(type%3ASENIORITY_LEVEL%2Cvalues%3AList((id%3A320%2Ctext%3AOwner%2520%252F%2520Partner%2CselectionType%3AINCLUDED)%2C(id%3A310%2Ctext%3ACXO%2CselectionType%3AINCLUDED)%2C(id%3A300%2Ctext%3AVice%2520President%2CselectionType%3AINCLUDED))))%2Ckeywords%3Afounder%2520OR%2520co-founder%2520OR%2520CEO%2520OR%2520chief%2520executive%2520officer%2520OR%2520owner%2520OR%2520managing%2520partner%2520OR%2520managing%2520director%2520OR%2520president%2520OR%2520group%2520CEO%2520OR%2520chief%2520operating%2520officer%2520OR%2520COO%2520OR%2520VP%2520operations%2520OR%2520operations%2520director%2520OR%2520operating%2520partner%2520OR%2520transformation%2520director%2520OR%2520VP%2520strategy%2520AND%2520%2522private%2520equity%2522%2520OR%2520%2522value%2520creation%2522%2520OR%2520P%2526L%2520OR%2520%2522multi-site%2522%2520OR%2520manufacturing%2520OR%2520%2522lean%2520six%2520sigma%2522%2520OR%2520turnaround%2520OR%2520%2522digital%2520transformation%2522)&sessionId=y1e6DeygSXibJUSAfZ9aLA%3D%3D&viewAllFilters=true,2026-09-06T17:12:25.261Z,https://linkedin.com/in/kerssing,573350508,Joey Moreau
"https://www.linkedin.com/sales/lead/ACwAAAAKQxoBW_t0gFXSmQviiDeBGp2gvDvpcys,NAME_SEARCH,juKA",Francisco Sousa Pimentel,Francisco,Sousa Pimentel,MO Fashion,CEO & Owner,12176705,https://www.linkedin.com/sales/company/12176705,https://www.linkedin.com/company/12176705,"Retail executive with 20+ years of B2C industries and retail businesses across Europe, South America and Africa. Expertise in marketing, digital, pricing, product portfolio and business development with corporates and start-ups.",,Retail Apparel and Fashion,Portugal,Porto Metropolitan Area,1 year 3 months in role,1 year 3 months in company,Springkode,https://www.linkedin.com/company/33272579,Co-founder and Advisor,06/2018-02/2021,2 years 8 months,2nd,https://media.licdn.com/dms/image/v2/C4D03AQHrrzhwo03_1w/profile-displayphoto-shrink_800_800/profile-displayphoto-shrink_800_800/0/1635192520911?e=1790208000&v=beta&t=1K8wkYnsQP7BKgA6iZ2cB1W0igJLvVlfXCDiIuW2l5c,3,Francisco Sousa Pimentel,ACwAAAAKQxoBW_t0gFXSmQviiDeBGp2gvDvpcys,https://www.linkedin.com/in/ACwAAAAKQxoBW_t0gFXSmQviiDeBGp2gvDvpcys/,TRUE,FALSE,https://www.linkedin.com/sales/search/people?query=(spellCorrectionEnabled%3Atrue%2CrecentSearchParam%3A(id%3A4517364857%2CdoLogHistory%3Atrue)%2Cfilters%3AList((type%3ACONNECTION_OF%2Cvalues%3AList((id%3AACwAAAn2NDEBGumkSP-qxyxZk6BvpJETw5-rZ9I%2Ctext%3ADr.%2520Kauan%2520von%2520Novack%2CselectionType%3AINCLUDED)))%2C(type%3ARELATIONSHIP%2Cvalues%3AList((id%3AF%2Ctext%3A1st%2520degree%2520connections%2CselectionType%3AINCLUDED)%2C(id%3AS%2Ctext%3A2nd%2520degree%2520connections%2CselectionType%3AINCLUDED)))%2C(type%3AREGION%2Cvalues%3AList((id%3A102890719%2Ctext%3ANetherlands%2CselectionType%3AINCLUDED)%2C(id%3A100364837%2Ctext%3APortugal%2CselectionType%3AINCLUDED)%2C(id%3A106057199%2Ctext%3ABrazil%2CselectionType%3AINCLUDED)%2C(id%3A101282230%2Ctext%3AGermany%2CselectionType%3AINCLUDED)%2C(id%3A105646813%2Ctext%3ASpain%2CselectionType%3AINCLUDED)))%2C(type%3ACOMPANY_HEADCOUNT%2Cvalues%3AList((id%3AE%2Ctext%3A201-500%2CselectionType%3AINCLUDED)%2C(id%3AF%2Ctext%3A501-1000%2CselectionType%3AINCLUDED)%2C(id%3AG%2Ctext%3A1001-5000%2CselectionType%3AINCLUDED)%2C(id%3AH%2Ctext%3A5001-10%252C000%2CselectionType%3AINCLUDED)%2C(id%3AI%2Ctext%3A10%252C000%252B%2CselectionType%3AINCLUDED)))%2C(type%3ASENIORITY_LEVEL%2Cvalues%3AList((id%3A320%2Ctext%3AOwner%2520%252F%2520Partner%2CselectionType%3AINCLUDED)%2C(id%3A310%2Ctext%3ACXO%2CselectionType%3AINCLUDED)%2C(id%3A300%2Ctext%3AVice%2520President%2CselectionType%3AINCLUDED))))%2Ckeywords%3Afounder%2520OR%2520co-founder%2520OR%2520CEO%2520OR%2520chief%2520executive%2520officer%2520OR%2520owner%2520OR%2520managing%2520partner%2520OR%2520managing%2520director%2520OR%2520president%2520OR%2520group%2520CEO%2520OR%2520chief%2520operating%2520officer%2520OR%2520COO%2520OR%2520VP%2520operations%2520OR%2520operations%2520director%2520OR%2520operating%2520partner%2520OR%2520transformation%2520director%2520OR%2520VP%2520strategy%2520AND%2520%2522private%2520equity%2522%2520OR%2520%2522value%2520creation%2522%2520OR%2520P%2526L%2520OR%2520%2522multi-site%2522%2520OR%2520manufacturing%2520OR%2520%2522lean%2520six%2520sigma%2522%2520OR%2520turnaround%2520OR%2520%2522digital%2520transformation%2522)&sessionId=y1e6DeygSXibJUSAfZ9aLA%3D%3D&viewAllFilters=true,2026-09-06T17:12:25.261Z,https://linkedin.com/in/franciscosousapimentel,573350508,Joey Moreau
"https://www.linkedin.com/sales/lead/ACwAAAAIQxIBIA_I8_tdb8q8dyKSviuQBmAsfIw,NAME_SEARCH,n3N4",Fábio Stul,Fábio,Stul,McKinsey & Company,"Senior Partner, Global co-leader McKinsey Transformation",1371,https://www.linkedin.com/sales/company/1371,https://www.linkedin.com/company/1371,"I lead McKinsey Transformation, our Firm’s global practice which drives business transformation and helps companies around the world achieve major and sustainable improvements in performance, organizational health, and capabilities. My passion is to help our clients challenge their status quo, raise their aspirations, reinvent their businesses, speed up decision making, and accelerate execution. 

Beyond my transformation work, for more than 25 years I have advised CEOs, boards, and executive teams on a number of topics, including growth, productivity improvement, strategy, organization, merger management, digital and advanced analytics. I am currently based in Brazil, but over my career I have served companies in multiple geographies, including Europe, North America, and other parts of Latin America. I was also a co-founder of McKinsey’s Consumer Goods and Retail Practices in Latin America, which I led from 2010 to 2016. I have served companies in many sectors, including telecom, media, agribusiness, energy, assembly, and banking.

I am passionate about McKinsey’s people mission and I am an active sponsor and mentor of multiple partners and colleagues across the world. I am also very committed to continuously increase our diversity and inclusion.

Outside of work, I am a huge sports fan, especially soccer. And I enjoy mystery books and movies",,Business Consulting and Services,United States,"São Paulo, São Paulo, Brazil",30 years 9 months in role,30 years 9 months in company,,,,,,2nd,https://media.licdn.com/dms/image/v2/C4D03AQEynsaCzvAveA/profile-displayphoto-shrink_800_800/profile-displayphoto-shrink_800_800/0/1643840321790?e=1790208000&v=beta&t=lpSnVEya3kPQpHmfXfLQOJzSc-mt0j5Eb8I6BOGHrSw,6,Fábio Stul,ACwAAAAIQxIBIA_I8_tdb8q8dyKSviuQBmAsfIw,https://www.linkedin.com/in/ACwAAAAIQxIBIA_I8_tdb8q8dyKSviuQBmAsfIw/,FALSE,FALSE,https://www.linkedin.com/sales/search/people?query=(spellCorrectionEnabled%3Atrue%2CrecentSearchParam%3A(id%3A4517364857%2CdoLogHistory%3Atrue)%2Cfilters%3AList((type%3ACONNECTION_OF%2Cvalues%3AList((id%3AACwAAAn2NDEBGumkSP-qxyxZk6BvpJETw5-rZ9I%2Ctext%3ADr.%2520Kauan%2520von%2520Novack%2CselectionType%3AINCLUDED)))%2C(type%3ARELATIONSHIP%2Cvalues%3AList((id%3AF%2Ctext%3A1st%2520degree%2520connections%2CselectionType%3AINCLUDED)%2C(id%3AS%2Ctext%3A2nd%2520degree%2520connections%2CselectionType%3AINCLUDED)))%2C(type%3AREGION%2Cvalues%3AList((id%3A102890719%2Ctext%3ANetherlands%2CselectionType%3AINCLUDED)%2C(id%3A100364837%2Ctext%3APortugal%2CselectionType%3AINCLUDED)%2C(id%3A106057199%2Ctext%3ABrazil%2CselectionType%3AINCLUDED)%2C(id%3A101282230%2Ctext%3AGermany%2CselectionType%3AINCLUDED)%2C(id%3A105646813%2Ctext%3ASpain%2CselectionType%3AINCLUDED)))%2C(type%3ACOMPANY_HEADCOUNT%2Cvalues%3AList((id%3AE%2Ctext%3A201-500%2CselectionType%3AINCLUDED)%2C(id%3AF%2Ctext%3A501-1000%2CselectionType%3AINCLUDED)%2C(id%3AG%2Ctext%3A1001-5000%2CselectionType%3AINCLUDED)%2C(id%3AH%2Ctext%3A5001-10%252C000%2CselectionType%3AINCLUDED)%2C(id%3AI%2Ctext%3A10%252C000%252B%2CselectionType%3AINCLUDED)))%2C(type%3ASENIORITY_LEVEL%2Cvalues%3AList((id%3A320%2Ctext%3AOwner%2520%252F%2520Partner%2CselectionType%3AINCLUDED)%2C(id%3A310%2Ctext%3ACXO%2CselectionType%3AINCLUDED)%2C(id%3A300%2Ctext%3AVice%2520President%2CselectionType%3AINCLUDED))))%2Ckeywords%3Afounder%2520OR%2520co-founder%2520OR%2520CEO%2520OR%2520chief%2520executive%2520officer%2520OR%2520owner%2520OR%2520managing%2520partner%2520OR%2520managing%2520director%2520OR%2520president%2520OR%2520group%2520CEO%2520OR%2520chief%2520operating%2520officer%2520OR%2520COO%2520OR%2520VP%2520operations%2520OR%2520operations%2520director%2520OR%2520operating%2520partner%2520OR%2520transformation%2520director%2520OR%2520VP%2520strategy%2520AND%2520%2522private%2520equity%2522%2520OR%2520%2522value%2520creation%2522%2520OR%2520P%2526L%2520OR%2520%2522multi-site%2522%2520OR%2520manufacturing%2520OR%2520%2522lean%2520six%2520sigma%2522%2520OR%2520turnaround%2520OR%2520%2522digital%2520transformation%2522)&sessionId=y1e6DeygSXibJUSAfZ9aLA%3D%3D&viewAllFilters=true,2026-09-06T17:12:25.261Z,https://linkedin.com/in/fabio-stul,573350508,Joey Moreau
"https://www.linkedin.com/sales/lead/ACwAAAAIwxIBOaJ5ea1M69T4AaxVHS8W926bi7o,NAME_SEARCH,4U9d",Hassan Tagi,Hassan,Tagi,ItaQ Interim Professionals B.V.,Founder,543854,https://www.linkedin.com/sales/company/543854,https://www.linkedin.com/company/543854,"Hassan is Founder & CEO of ItaQ interim professionals BV and Showbird. ItaQ is one of the best ICT consultancy and outsourcing companies in the Netherlands and abroad. See www.itaq.nl. Showbird is the platform for booking all kind of live entertainment. He was also co-founder and Partner of InterimIC. Hassan has an academic background  and more than 25 years of ICT experience. Hassan's strength is that he knows how to manage major projects that are both complex and time-critical.

Specialties: Project and Programme management, Interim Management, Strategic Consultancy in SAP, Oracle, Peoplesoft, Clarify, Internet, Security, SOX, Marketing, Communications, Finance, Internet, CMS, outsourcing, telecommunications, service management, contract management, ITIL, Prince2, Billing, E-business, Enterprise contentmanagement.","ItaQ is the Trusted Advisor for the outsourcing of Interim Professionals in ICT and C level Interim Managers  for the upper end of the market. All of our Interim Professionals and Managers have a higher education background (HBO+) and at least ten years’ work experience.

We think in terms of tangible solutions and realise these by providing the right professionals and senior managers. ItaQ knows how to get the job done and who is the best person for it, and we can usually provide the relevant interim professional or manager within 48 hours. Our client base consists of large non-profit and profit organisations both within the Netherlands and abroad.

Clients:
All Ministerie’s like, Ministry of I &W,  BZK, OCW, VWS, Defense, DUO, Finance. RWS, ING, KPN, NUON, De Telegraaf, UPC, Achmea , Heineken, liberty global, VodafoneZiggo, Carglass, Dunea, universiteit Leiden, Europol, Alliander,etc etc. 

Since our establishment in 2001, we have experienced rapid growth as a result of our proactive mission, innovative vision and dedicated procedures. For more information www.itaq.nl",IT Services and IT Consulting,"Rijswijk, South Holland, Netherlands","Rijswijk, South Holland, Netherlands",25 years 5 months in role,25 years 5 months in company,InterimIC,https://www.linkedin.com/company/49289,Founding and Managing Partner,05/2001-05/2007,6 years,1st,https://media.licdn.com/dms/image/v2/D5603AQEvKDV8yMUG2A/profile-displayphoto-shrink_800_800/B56ZXew0TtGUAg-/0/1743199095423?e=1790208000&v=beta&t=3vhvCYdQXsF7ylPzZK8mG0_tpCtXsiwMwEJqEn4Dre4,372,Hassan Tagi,ACwAAAAIwxIBOaJ5ea1M69T4AaxVHS8W926bi7o,https://www.linkedin.com/in/ACwAAAAIwxIBOaJ5ea1M69T4AaxVHS8W926bi7o/,FALSE,FALSE,https://www.linkedin.com/sales/search/people?query=(spellCorrectionEnabled%3Atrue%2CrecentSearchParam%3A(id%3A4517364857%2CdoLogHistory%3Atrue)%2Cfilters%3AList((type%3ACONNECTION_OF%2Cvalues%3AList((id%3AACwAAAn2NDEBGumkSP-qxyxZk6BvpJETw5-rZ9I%2Ctext%3ADr.%2520Kauan%2520von%2520Novack%2CselectionType%3AINCLUDED)))%2C(type%3ARELATIONSHIP%2Cvalues%3AList((id%3AF%2Ctext%3A1st%2520degree%2520connections%2CselectionType%3AINCLUDED)%2C(id%3AS%2Ctext%3A2nd%2520degree%2520connections%2CselectionType%3AINCLUDED)))%2C(type%3AREGION%2Cvalues%3AList((id%3A102890719%2Ctext%3ANetherlands%2CselectionType%3AINCLUDED)%2C(id%3A100364837%2Ctext%3APortugal%2CselectionType%3AINCLUDED)%2C(id%3A106057199%2Ctext%3ABrazil%2CselectionType%3AINCLUDED)%2C(id%3A101282230%2Ctext%3AGermany%2CselectionType%3AINCLUDED)%2C(id%3A105646813%2Ctext%3ASpain%2CselectionType%3AINCLUDED)))%2C(type%3ACOMPANY_HEADCOUNT%2Cvalues%3AList((id%3AE%2Ctext%3A201-500%2CselectionType%3AINCLUDED)%2C(id%3AF%2Ctext%3A501-1000%2CselectionType%3AINCLUDED)%2C(id%3AG%2Ctext%3A1001-5000%2CselectionType%3AINCLUDED)%2C(id%3AH%2Ctext%3A5001-10%252C000%2CselectionType%3AINCLUDED)%2C(id%3AI%2Ctext%3A10%252C000%252B%2CselectionType%3AINCLUDED)))%2C(type%3ASENIORITY_LEVEL%2Cvalues%3AList((id%3A320%2Ctext%3AOwner%2520%252F%2520Partner%2CselectionType%3AINCLUDED)%2C(id%3A310%2Ctext%3ACXO%2CselectionType%3AINCLUDED)%2C(id%3A300%2Ctext%3AVice%2520President%2CselectionType%3AINCLUDED))))%2Ckeywords%3Afounder%2520OR%2520co-founder%2520OR%2520CEO%2520OR%2520chief%2520executive%2520officer%2520OR%2520owner%2520OR%2520managing%2520partner%2520OR%2520managing%2520director%2520OR%2520president%2520OR%2520group%2520CEO%2520OR%2520chief%2520operating%2520officer%2520OR%2520COO%2520OR%2520VP%2520operations%2520OR%2520operations%2520director%2520OR%2520operating%2520partner%2520OR%2520transformation%2520director%2520OR%2520VP%2520strategy%2520AND%2520%2522private%2520equity%2522%2520OR%2520%2522value%2520creation%2522%2520OR%2520P%2526L%2520OR%2520%2522multi-site%2522%2520OR%2520manufacturing%2520OR%2520%2522lean%2520six%2520sigma%2522%2520OR%2520turnaround%2520OR%2520%2522digital%2520transformation%2522)&sessionId=y1e6DeygSXibJUSAfZ9aLA%3D%3D&viewAllFilters=true,2026-09-06T17:12:25.261Z,https://linkedin.com/in/hassantagi,573350508,Joey Moreau
"https://www.linkedin.com/sales/lead/ACwAAADvY8UBF8iog8hZA_Zh-PdBmo4gzrq36cw,NAME_SEARCH,8ImO",Matthijs Kat,Matthijs,Kat,Professional Yacht Care,Managing Director | Owner,100308325,https://www.linkedin.com/sales/company/100308325,https://www.linkedin.com/company/100308325,"De watersport zit in mijn DNA. Of ik nu voor de camera sta als presentator van de beursspecials voor Watersport-TV, of achter de schermen werk aan het perfectioneren van een jacht; mijn missie is het inspireren en adviseren van watersportliefhebbers in de Benelux.Door mijn werk voor de camera zie ik jaarlijks honderden innovaties voorbij komen. Ik heb geleerd het kaf van het koren te scheiden. Die kritische blik neem ik mee in mijn bedrijven:- Lasai Benelux: Na talloze elektrische boten te hebben gezien, heeft de solar-technologie van Lasai mij echt overtuigd. Het is de toekomst van 'Silent Sailing' die ik nu naar onze wateren breng. - FJORD Benelux: Voor wie kiest voor het absolute topsegment in high-performance design. Iconisch, krachtig en compromisloos. - Professional Yacht Care: De basis van elk vaarplezier. Wij zorgen dat onderhoud en esthetiek in topconditie blijven, van klassieker tot modern jacht.Mijn unieke positie op het snijvlak van media, techniek en sales stelt me in staat om niet alleen boten te verkopen, maar de markt echt mee te nemen in de transitie naar duurzamer en slimmer varen.Binnenkort arriveert de eerste Lasai 22GL in Nederland. Ik kijk ernaar uit om deze innovatie niet alleen te presenteren, maar ook met u te ervaren op het water.Zullen we samen koers bepalen?""Tel: 0620063056","Professional Yacht Care is hét onderhoudsbedrijf voor jachten en boten. Ons doel is om de eigenaar te ontlasten van het onderhoud, zodat hij of zij langer kan genieten van het varen. Reinigen, polijsten, beschermen, PPF-folie aanbrengen, keramische coatings, teak reinigen en beschermen, INOX-onderhoud, seizoensonderhoud en jaarlijkse onderhoudsprogramma's.

WIJ ZORGEN VOOR UW JACHT EN BOOT!

Neem contact met ons op voor meer informatie. Wij staan ​​ook voor u klaar!
Tel: +31 85 86 400 63
Email: info@professionalyachtcare.com",Consumer Services,"Amsterdam, North Holland, Netherlands","Amsterdam, North Holland, Netherlands",3 years 9 months in role,3 years 9 months in company,Zilverzand Personeelsdiensten B.V.,,Director | Owner,2000-2006,6 years,2nd,https://media.licdn.com/dms/image/v2/D4E03AQHebYFE7T-icg/profile-displayphoto-shrink_800_800/profile-displayphoto-shrink_800_800/0/1693896393756?e=1790208000&v=beta&t=I-8VF4wzDQlyVBqpgrzLVWbzwpyoBde2pGE-Az4w2pU,93,Matthijs Kat,ACwAAADvY8UBF8iog8hZA_Zh-PdBmo4gzrq36cw,https://www.linkedin.com/in/ACwAAADvY8UBF8iog8hZA_Zh-PdBmo4gzrq36cw/,TRUE,FALSE,https://www.linkedin.com/sales/search/people?query=(spellCorrectionEnabled%3Atrue%2CrecentSearchParam%3A(id%3A4517364857%2CdoLogHistory%3Atrue)%2Cfilters%3AList((type%3ACONNECTION_OF%2Cvalues%3AList((id%3AACwAAAn2NDEBGumkSP-qxyxZk6BvpJETw5-rZ9I%2Ctext%3ADr.%2520Kauan%2520von%2520Novack%2CselectionType%3AINCLUDED)))%2C(type%3ARELATIONSHIP%2Cvalues%3AList((id%3AF%2Ctext%3A1st%2520degree%2520connections%2CselectionType%3AINCLUDED)%2C(id%3AS%2Ctext%3A2nd%2520degree%2520connections%2CselectionType%3AINCLUDED)))%2C(type%3AREGION%2Cvalues%3AList((id%3A102890719%2Ctext%3ANetherlands%2CselectionType%3AINCLUDED)%2C(id%3A100364837%2Ctext%3APortugal%2CselectionType%3AINCLUDED)%2C(id%3A106057199%2Ctext%3ABrazil%2CselectionType%3AINCLUDED)%2C(id%3A101282230%2Ctext%3AGermany%2CselectionType%3AINCLUDED)%2C(id%3A105646813%2Ctext%3ASpain%2CselectionType%3AINCLUDED)))%2C(type%3ACOMPANY_HEADCOUNT%2Cvalues%3AList((id%3AE%2Ctext%3A201-500%2CselectionType%3AINCLUDED)%2C(id%3AF%2Ctext%3A501-1000%2CselectionType%3AINCLUDED)%2C(id%3AG%2Ctext%3A1001-5000%2CselectionType%3AINCLUDED)%2C(id%3AH%2Ctext%3A5001-10%252C000%2CselectionType%3AINCLUDED)%2C(id%3AI%2Ctext%3A10%252C000%252B%2CselectionType%3AINCLUDED)))%2C(type%3ASENIORITY_LEVEL%2Cvalues%3AList((id%3A320%2Ctext%3AOwner%2520%252F%2520Partner%2CselectionType%3AINCLUDED)%2C(id%3A310%2Ctext%3ACXO%2CselectionType%3AINCLUDED)%2C(id%3A300%2Ctext%3AVice%2520President%2CselectionType%3AINCLUDED))))%2Ckeywords%3Afounder%2520OR%2520co-founder%2520OR%2520CEO%2520OR%2520chief%2520executive%2520officer%2520OR%2520owner%2520OR%2520managing%2520partner%2520OR%2520managing%2520director%2520OR%2520president%2520OR%2520group%2520CEO%2520OR%2520chief%2520operating%2520officer%2520OR%2520COO%2520OR%2520VP%2520operations%2520OR%2520operations%2520director%2520OR%2520operating%2520partner%2520OR%2520transformation%2520director%2520OR%2520VP%2520strategy%2520AND%2520%2522private%2520equity%2522%2520OR%2520%2522value%2520creation%2522%2520OR%2520P%2526L%2520OR%2520%2522multi-site%2522%2520OR%2520manufacturing%2520OR%2520%2522lean%2520six%2520sigma%2522%2520OR%2520turnaround%2520OR%2520%2522digital%2520transformation%2522)&sessionId=y1e6DeygSXibJUSAfZ9aLA%3D%3D&viewAllFilters=true,2026-09-06T17:12:25.261Z,https://linkedin.com/in/matthijskat,573350508,Joey Moreau
"https://www.linkedin.com/sales/lead/ACwAAAAQwz0BzlYRcKxYRWPExyy3D2OPe5aw4pY,NAME_SEARCH,UraC",Dennis Gooijer,Dennis,Gooijer,VASS,a.i. Strategic Advisor,19651,https://www.linkedin.com/sales/company/19651,https://www.linkedin.com/company/19651,"An energetic senior executive with a transparent and motivational leadership style. Proven experience in the field of general management, start and scale-ups, C-level relationship management, HR, digital transformation and strategic advisory. Solid track record in Government, Banking and Insurance, Telecom and Healthcare. People describe me as pragmatic, enthusiastic and persistent. Have shown that I’m successful in highly demanding and dynamic environments.

Core strengths: result driven, strategic, leadership, strong communication skills, business acumen and problem-solving orientation",,IT Services and IT Consulting,"Alcobendas, Community of Madrid, Spain","The Hague, South Holland, Netherlands",7 years 1 month in role,7 years 11 months in company,Logius,https://www.linkedin.com/company/741728,a.i. Strategic vendor management,07/2019-06/2023,3 years 11 months,2nd,https://media.licdn.com/dms/image/v2/C4E03AQG-vTqzFe4D5Q/profile-displayphoto-shrink_800_800/profile-displayphoto-shrink_800_800/0/1534336517500?e=1790208000&v=beta&t=whkmEAwQn-lQ-WT1uRcEPpzHmV50dzhAvWZJl9VeKYY,37,Dennis Gooijer,ACwAAAAQwz0BzlYRcKxYRWPExyy3D2OPe5aw4pY,https://www.linkedin.com/in/ACwAAAAQwz0BzlYRcKxYRWPExyy3D2OPe5aw4pY/,TRUE,FALSE,https://www.linkedin.com/sales/search/people?query=(spellCorrectionEnabled%3Atrue%2CrecentSearchParam%3A(id%3A4517364857%2CdoLogHistory%3Atrue)%2Cfilters%3AList((type%3ACONNECTION_OF%2Cvalues%3AList((id%3AACwAAAn2NDEBGumkSP-qxyxZk6BvpJETw5-rZ9I%2Ctext%3ADr.%2520Kauan%2520von%2520Novack%2CselectionType%3AINCLUDED)))%2C(type%3ARELATIONSHIP%2Cvalues%3AList((id%3AF%2Ctext%3A1st%2520degree%2520connections%2CselectionType%3AINCLUDED)%2C(id%3AS%2Ctext%3A2nd%2520degree%2520connections%2CselectionType%3AINCLUDED)))%2C(type%3AREGION%2Cvalues%3AList((id%3A102890719%2Ctext%3ANetherlands%2CselectionType%3AINCLUDED)%2C(id%3A100364837%2Ctext%3APortugal%2CselectionType%3AINCLUDED)%2C(id%3A106057199%2Ctext%3ABrazil%2CselectionType%3AINCLUDED)%2C(id%3A101282230%2Ctext%3AGermany%2CselectionType%3AINCLUDED)%2C(id%3A105646813%2Ctext%3ASpain%2CselectionType%3AINCLUDED)))%2C(type%3ACOMPANY_HEADCOUNT%2Cvalues%3AList((id%3AE%2Ctext%3A201-500%2CselectionType%3AINCLUDED)%2C(id%3AF%2Ctext%3A501-1000%2CselectionType%3AINCLUDED)%2C(id%3AG%2Ctext%3A1001-5000%2CselectionType%3AINCLUDED)%2C(id%3AH%2Ctext%3A5001-10%252C000%2CselectionType%3AINCLUDED)%2C(id%3AI%2Ctext%3A10%252C000%252B%2CselectionType%3AINCLUDED)))%2C(type%3ASENIORITY_LEVEL%2Cvalues%3AList((id%3A320%2Ctext%3AOwner%2520%252F%2520Partner%2CselectionType%3AINCLUDED)%2C(id%3A310%2Ctext%3ACXO%2CselectionType%3AINCLUDED)%2C(id%3A300%2Ctext%3AVice%2520President%2CselectionType%3AINCLUDED))))%2Ckeywords%3Afounder%2520OR%2520co-founder%2520OR%2520CEO%2520OR%2520chief%2520executive%2520officer%2520OR%2520owner%2520OR%2520managing%2520partner%2520OR%2520managing%2520director%2520OR%2520president%2520OR%2520group%2520CEO%2520OR%2520chief%2520operating%2520officer%2520OR%2520COO%2520OR%2520VP%2520operations%2520OR%2520operations%2520director%2520OR%2520operating%2520partner%2520OR%2520transformation%2520director%2520OR%2520VP%2520strategy%2520AND%2520%2522private%2520equity%2522%2520OR%2520%2522value%2520creation%2522%2520OR%2520P%2526L%2520OR%2520%2522multi-site%2522%2520OR%2520manufacturing%2520OR%2520%2522lean%2520six%2520sigma%2522%2520OR%2520turnaround%2520OR%2520%2522digital%2520transformation%2522)&sessionId=y1e6DeygSXibJUSAfZ9aLA%3D%3D&viewAllFilters=true,2026-09-06T17:12:25.261Z,https://linkedin.com/in/dennisgooijer,573350508,Joey Moreau
"https://www.linkedin.com/sales/lead/ACwAAAB0A1oBkSPLgY3lx-sN7W_Jldd5jUlx6LU,NAME_SEARCH,zogH",Michel Van Maanen,Michel,Van Maanen,UNSW,Professor,6096,https://www.linkedin.com/sales/company/6096,https://www.linkedin.com/company/6096,"Hi, I am Michel van Maanen, a Goal-focused and results-oriented leader with a progressive career of leading end-to-end international business operations, while achieving set targets in large-scale logistics, automotive and transportation organizations, thus ensuring successful long-term growth.
My credible history of success is directly related to increasing the bottom-line results with remarkable figures by adjusting contract models, cutting down expenses, optimizing business performance and improving the direct-/indirect ratio on staff numbers. 
I have a remarkable efficiency in executing change management processes and strategies to support adoption of the changes required by improvement projects and cross-departmental initiatives. 
I have the capacity of transforming companies from loss making to profitable entities through agile methodologies and continuous improvement. 
I possess stellar record of boosting organizational growth by steering employee development, driving notable revenue and sales, and stabilizing the organizations for the future. 
To achieve results, I leverage a balanced focus on boosting operational efficiencies and organizational priorities by implementing innovative and sustainable business process solutions. 
I have notable success in introducing operational excellence by an integrated dash-boarding model, using data from all decentralized key data and turning that into digital- and harmonized data models to refine the quality of integrated business intelligence, supported by future proof business application deployment. 
I am excellent at developing and supervising teams, bringing start-ups to stabilized companies based on a deep understanding of business models to strengthen overall work efficiencies. 
I am proficient in formalizing and improving all supplier contracts to minimize costs, consolidating supply chain activities, and improving work efficiency.

'An organization's ability to learn, and translate that learning ability into action rapidly, is the ultimate competitive advantage...' ",,Higher Education,"Sydney, New South Wales, Australia","The Randstad, Netherlands",4 years 5 months in role,4 years 5 months in company,Ebusco®,https://www.linkedin.com/company/3684839,Chief Operating Officer and Member of the Board,12/2024-01/2026,1 year 1 month,2nd,https://media.licdn.com/dms/image/v2/D4E03AQFOrHOYQyMtgg/profile-displayphoto-crop_800_800/B4EZxEbO26HkAQ-/0/1770674519862?e=1790208000&v=beta&t=MVLVbZKDF-B9KViapACTH5DreDkvISNd830gWu8GJb4,67,Michel Van Maanen,ACwAAAB0A1oBkSPLgY3lx-sN7W_Jldd5jUlx6LU,https://www.linkedin.com/in/ACwAAAB0A1oBkSPLgY3lx-sN7W_Jldd5jUlx6LU/,FALSE,FALSE,https://www.linkedin.com/sales/search/people?query=(spellCorrectionEnabled%3Atrue%2CrecentSearchParam%3A(id%3A4517364857%2CdoLogHistory%3Atrue)%2Cfilters%3AList((type%3ACONNECTION_OF%2Cvalues%3AList((id%3AACwAAAn2NDEBGumkSP-qxyxZk6BvpJETw5-rZ9I%2Ctext%3ADr.%2520Kauan%2520von%2520Novack%2CselectionType%3AINCLUDED)))%2C(type%3ARELATIONSHIP%2Cvalues%3AList((id%3AF%2Ctext%3A1st%2520degree%2520connections%2CselectionType%3AINCLUDED)%2C(id%3AS%2Ctext%3A2nd%2520degree%2520connections%2CselectionType%3AINCLUDED)))%2C(type%3AREGION%2Cvalues%3AList((id%3A102890719%2Ctext%3ANetherlands%2CselectionType%3AINCLUDED)%2C(id%3A100364837%2Ctext%3APortugal%2CselectionType%3AINCLUDED)%2C(id%3A106057199%2Ctext%3ABrazil%2CselectionType%3AINCLUDED)%2C(id%3A101282230%2Ctext%3AGermany%2CselectionType%3AINCLUDED)%2C(id%3A105646813%2Ctext%3ASpain%2CselectionType%3AINCLUDED)))%2C(type%3ACOMPANY_HEADCOUNT%2Cvalues%3AList((id%3AE%2Ctext%3A201-500%2CselectionType%3AINCLUDED)%2C(id%3AF%2Ctext%3A501-1000%2CselectionType%3AINCLUDED)%2C(id%3AG%2Ctext%3A1001-5000%2CselectionType%3AINCLUDED)%2C(id%3AH%2Ctext%3A5001-10%252C000%2CselectionType%3AINCLUDED)%2C(id%3AI%2Ctext%3A10%252C000%252B%2CselectionType%3AINCLUDED)))%2C(type%3ASENIORITY_LEVEL%2Cvalues%3AList((id%3A320%2Ctext%3AOwner%2520%252F%2520Partner%2CselectionType%3AINCLUDED)%2C(id%3A310%2Ctext%3ACXO%2CselectionType%3AINCLUDED)%2C(id%3A300%2Ctext%3AVice%2520President%2CselectionType%3AINCLUDED))))%2Ckeywords%3Afounder%2520OR%2520co-founder%2520OR%2520CEO%2520OR%2520chief%2520executive%2520officer%2520OR%2520owner%2520OR%2520managing%2520partner%2520OR%2520managing%2520director%2520OR%2520president%2520OR%2520group%2520CEO%2520OR%2520chief%2520operating%2520officer%2520OR%2520COO%2520OR%2520VP%2520operations%2520OR%2520operations%2520director%2520OR%2520operating%2520partner%2520OR%2520transformation%2520director%2520OR%2520VP%2520strategy%2520AND%2520%2522private%2520equity%2522%2520OR%2520%2522value%2520creation%2522%2520OR%2520P%2526L%2520OR%2520%2522multi-site%2522%2520OR%2520manufacturing%2520OR%2520%2522lean%2520six%2520sigma%2522%2520OR%2520turnaround%2520OR%2520%2522digital%2520transformation%2522)&sessionId=y1e6DeygSXibJUSAfZ9aLA%3D%3D&viewAllFilters=true,2026-09-06T17:12:25.261Z,https://linkedin.com/in/resultant,573350508,Joey Moreau
"https://www.linkedin.com/sales/lead/ACwAAAGDoroBpxT9L9kmrdIOctXKAIEts3S-kH0,NAME_SEARCH,JIbB",Sven Boluijt,Sven,Boluijt,Econocom Nederland,Sales Agent Econocom Technology Management Financing NL,3643659,https://www.linkedin.com/sales/company/3643659,https://www.linkedin.com/company/3643659,"I've learned one thing in over 20 years of commercial experience: technology is changing faster than organizations can keep up. CFOs and IT leaders struggle with high investments, outdated systems, and cash flow pressure.

That's why I started doing what energizes me: helping organizations innovate without running out of budgets. Through ICT Leasing & X-as-a-Service, I offer a path from ownership to use – flexible subscriptions that make companies agile.

What I offer isn't just a model, but a partnership. I connect people and companies, I build bridges between finance and technology, and I ensure that innovation doesn't stop at a spreadsheet.
Today, I work with organizations in ICT, AV, and energy. Together, we make technology scalable, affordable, and sustainable.

In addition, I am a qualified energy label advisor for homes in and around Eindhoven, see www.baed-energielabel.nl

📩 Ready to discover how your organization can innovate without heavy investments? Let's talk.","Van bezit naar gebruik dankzij een aantrekkelijk abonnementsmodel

Innoveer en zet de modernste digitale technologie in om de organisatiedoelstellingen te realiseren. 

Econocom ontzorgt bedrijven en (semi-)overheidsinstellingen met maatwerk financieringsoplossingen voor investeringen in digitale technologie via een abonnementsmodel. 

Van werkplekken tot de modernste audio visuele middelen en van LED verlichting tot een breed scala aan andere digitale oplossingen die de kernactiviteiten ondersteunen. 

De nieuwste digitale apparatuur en -oplossingen, voor een vaste prijs per maand.",IT Services and IT Consulting,"Utrecht, Utrecht, Netherlands","Eindhoven, North Brabant, Netherlands",1 year 9 months in role,1 year 9 months in company,,,,,,2nd,https://media.licdn.com/dms/image/v2/D4E03AQHeNAnVK32KaQ/profile-displayphoto-crop_800_800/B4EZvlRUMqGsAI-/0/1769078082623?e=1790208000&v=beta&t=Foyg0zhGx--Nnl_bGJpPXuSjrCPNaXONCOZP-FgSCcY,41,Sven Boluijt,ACwAAAGDoroBpxT9L9kmrdIOctXKAIEts3S-kH0,https://www.linkedin.com/in/ACwAAAGDoroBpxT9L9kmrdIOctXKAIEts3S-kH0/,TRUE,FALSE,https://www.linkedin.com/sales/search/people?query=(spellCorrectionEnabled%3Atrue%2CrecentSearchParam%3A(id%3A4517364857%2CdoLogHistory%3Atrue)%2Cfilters%3AList((type%3ACONNECTION_OF%2Cvalues%3AList((id%3AACwAAAn2NDEBGumkSP-qxyxZk6BvpJETw5-rZ9I%2Ctext%3ADr.%2520Kauan%2520von%2520Novack%2CselectionType%3AINCLUDED)))%2C(type%3ARELATIONSHIP%2Cvalues%3AList((id%3AF%2Ctext%3A1st%2520degree%2520connections%2CselectionType%3AINCLUDED)%2C(id%3AS%2Ctext%3A2nd%2520degree%2520connections%2CselectionType%3AINCLUDED)))%2C(type%3AREGION%2Cvalues%3AList((id%3A102890719%2Ctext%3ANetherlands%2CselectionType%3AINCLUDED)%2C(id%3A100364837%2Ctext%3APortugal%2CselectionType%3AINCLUDED)%2C(id%3A106057199%2Ctext%3ABrazil%2CselectionType%3AINCLUDED)%2C(id%3A101282230%2Ctext%3AGermany%2CselectionType%3AINCLUDED)%2C(id%3A105646813%2Ctext%3ASpain%2CselectionType%3AINCLUDED)))%2C(type%3ACOMPANY_HEADCOUNT%2Cvalues%3AList((id%3AE%2Ctext%3A201-500%2CselectionType%3AINCLUDED)%2C(id%3AF%2Ctext%3A501-1000%2CselectionType%3AINCLUDED)%2C(id%3AG%2Ctext%3A1001-5000%2CselectionType%3AINCLUDED)%2C(id%3AH%2Ctext%3A5001-10%252C000%2CselectionType%3AINCLUDED)%2C(id%3AI%2Ctext%3A10%252C000%252B%2CselectionType%3AINCLUDED)))%2C(type%3ASENIORITY_LEVEL%2Cvalues%3AList((id%3A320%2Ctext%3AOwner%2520%252F%2520Partner%2CselectionType%3AINCLUDED)%2C(id%3A310%2Ctext%3ACXO%2CselectionType%3AINCLUDED)%2C(id%3A300%2Ctext%3AVice%2520President%2CselectionType%3AINCLUDED))))%2Ckeywords%3Afounder%2520OR%2520co-founder%2520OR%2520CEO%2520OR%2520chief%2520executive%2520officer%2520OR%2520owner%2520OR%2520managing%2520partner%2520OR%2520managing%2520director%2520OR%2520president%2520OR%2520group%2520CEO%2520OR%2520chief%2520operating%2520officer%2520OR%2520COO%2520OR%2520VP%2520operations%2520OR%2520operations%2520director%2520OR%2520operating%2520partner%2520OR%2520transformation%2520director%2520OR%2520VP%2520strategy%2520AND%2520%2522private%2520equity%2522%2520OR%2520%2522value%2520creation%2522%2520OR%2520P%2526L%2520OR%2520%2522multi-site%2522%2520OR%2520manufacturing%2520OR%2520%2522lean%2520six%2520sigma%2522%2520OR%2520turnaround%2520OR%2520%2522digital%2520transformation%2522)&sessionId=y1e6DeygSXibJUSAfZ9aLA%3D%3D&viewAllFilters=true,2026-09-06T17:12:25.261Z,https://linkedin.com/in/svenboluijt,573350508,Joey Moreau
"https://www.linkedin.com/sales/lead/ACwAAAFRAgoBlE1AytLn7YEPkL2f1XwTcezqmvE,NAME_SEARCH,n-cd",Roelof Vos,Roelof,Vos,Hertoghs advocaten,Managing Partner - Advocaat,2717848,https://www.linkedin.com/sales/company/2717848,https://www.linkedin.com/company/2717848,"- Fiscaal advocaat
- MfN geregistreerd mediator gespecialiseerd in fiscale en ondernemingsgeschillen 

- Tax Attorney
- MfN registered mediator, specialised in tax and business matters","Advocaat gespecialiseerd in belastingzaken
Mediator in zowel fiscale als ondernemingsgeschillen",Law Practice,"Breda, North Brabant, Netherlands","Amsterdam, North Holland, Netherlands",12 years 9 months in role,12 years 9 months in company,,,,,,2nd,https://media.licdn.com/dms/image/v2/D5603AQGjjPDk3GSoMA/profile-displayphoto-crop_800_800/B56ZhRmOQaHMAM-/0/1753715632671?e=1790208000&v=beta&t=Oy3or9V_xYj3C1M_F0nlumC9cTdN7nvuFnpT1kjEDB0,61,Roelof Vos,ACwAAAFRAgoBlE1AytLn7YEPkL2f1XwTcezqmvE,https://www.linkedin.com/in/ACwAAAFRAgoBlE1AytLn7YEPkL2f1XwTcezqmvE/,FALSE,FALSE,https://www.linkedin.com/sales/search/people?query=(spellCorrectionEnabled%3Atrue%2CrecentSearchParam%3A(id%3A4517364857%2CdoLogHistory%3Atrue)%2Cfilters%3AList((type%3ACONNECTION_OF%2Cvalues%3AList((id%3AACwAAAn2NDEBGumkSP-qxyxZk6BvpJETw5-rZ9I%2Ctext%3ADr.%2520Kauan%2520von%2520Novack%2CselectionType%3AINCLUDED)))%2C(type%3ARELATIONSHIP%2Cvalues%3AList((id%3AF%2Ctext%3A1st%2520degree%2520connections%2CselectionType%3AINCLUDED)%2C(id%3AS%2Ctext%3A2nd%2520degree%2520connections%2CselectionType%3AINCLUDED)))%2C(type%3AREGION%2Cvalues%3AList((id%3A102890719%2Ctext%3ANetherlands%2CselectionType%3AINCLUDED)%2C(id%3A100364837%2Ctext%3APortugal%2CselectionType%3AINCLUDED)%2C(id%3A106057199%2Ctext%3ABrazil%2CselectionType%3AINCLUDED)%2C(id%3A101282230%2Ctext%3AGermany%2CselectionType%3AINCLUDED)%2C(id%3A105646813%2Ctext%3ASpain%2CselectionType%3AINCLUDED)))%2C(type%3ACOMPANY_HEADCOUNT%2Cvalues%3AList((id%3AE%2Ctext%3A201-500%2CselectionType%3AINCLUDED)%2C(id%3AF%2Ctext%3A501-1000%2CselectionType%3AINCLUDED)%2C(id%3AG%2Ctext%3A1001-5000%2CselectionType%3AINCLUDED)%2C(id%3AH%2Ctext%3A5001-10%252C000%2CselectionType%3AINCLUDED)%2C(id%3AI%2Ctext%3A10%252C000%252B%2CselectionType%3AINCLUDED)))%2C(type%3ASENIORITY_LEVEL%2Cvalues%3AList((id%3A320%2Ctext%3AOwner%2520%252F%2520Partner%2CselectionType%3AINCLUDED)%2C(id%3A310%2Ctext%3ACXO%2CselectionType%3AINCLUDED)%2C(id%3A300%2Ctext%3AVice%2520President%2CselectionType%3AINCLUDED))))%2Ckeywords%3Afounder%2520OR%2520co-founder%2520OR%2520CEO%2520OR%2520chief%2520executive%2520officer%2520OR%2520owner%2520OR%2520managing%2520partner%2520OR%2520managing%2520director%2520OR%2520president%2520OR%2520group%2520CEO%2520OR%2520chief%2520operating%2520officer%2520OR%2520COO%2520OR%2520VP%2520operations%2520OR%2520operations%2520director%2520OR%2520operating%2520partner%2520OR%2520transformation%2520director%2520OR%2520VP%2520strategy%2520AND%2520%2522private%2520equity%2522%2520OR%2520%2522value%2520creation%2522%2520OR%2520P%2526L%2520OR%2520%2522multi-site%2522%2520OR%2520manufacturing%2520OR%2520%2522lean%2520six%2520sigma%2522%2520OR%2520turnaround%2520OR%2520%2522digital%2520transformation%2522)&sessionId=y1e6DeygSXibJUSAfZ9aLA%3D%3D&viewAllFilters=true,2026-09-06T17:12:25.261Z,https://linkedin.com/in/roelofvos1,573350508,Joey Moreau
"https://www.linkedin.com/sales/lead/ACwAAAFGQicBNUvpNKmcZ1fVpt-dWNSEbsXfb8E,NAME_SEARCH,tHPM",Guido Heezen,Guido,Heezen,Effectory,Member of the Supervisory Board,22054,https://www.linkedin.com/sales/company/22054,https://www.linkedin.com/company/22054,Effectory is Europe's largest independent provider of employee feedback solutions.,,Human Resources Services,"Amsterdam, North Holland, Netherlands","Amsterdam, North Holland, Netherlands",4 years 1 month in role,30 years 9 months in company,Effectory,https://www.linkedin.com/company/22054,Owner,1996-10/2022,26 years 9 months,1st,https://media.licdn.com/dms/image/v2/C5603AQHyg9-MCAscoA/profile-displayphoto-shrink_800_800/profile-displayphoto-shrink_800_800/0/1516309346755?e=1790208000&v=beta&t=b5IpwlasTjMcZxVJFNcj-7lK_Gvzm1Oksl_Qjq05gG0,199,Guido Heezen,ACwAAAFGQicBNUvpNKmcZ1fVpt-dWNSEbsXfb8E,https://www.linkedin.com/in/ACwAAAFGQicBNUvpNKmcZ1fVpt-dWNSEbsXfb8E/,FALSE,FALSE,https://www.linkedin.com/sales/search/people?query=(spellCorrectionEnabled%3Atrue%2CrecentSearchParam%3A(id%3A4517364857%2CdoLogHistory%3Atrue)%2Cfilters%3AList((type%3ACONNECTION_OF%2Cvalues%3AList((id%3AACwAAAn2NDEBGumkSP-qxyxZk6BvpJETw5-rZ9I%2Ctext%3ADr.%2520Kauan%2520von%2520Novack%2CselectionType%3AINCLUDED)))%2C(type%3ARELATIONSHIP%2Cvalues%3AList((id%3AF%2Ctext%3A1st%2520degree%2520connections%2CselectionType%3AINCLUDED)%2C(id%3AS%2Ctext%3A2nd%2520degree%2520connections%2CselectionType%3AINCLUDED)))%2C(type%3AREGION%2Cvalues%3AList((id%3A102890719%2Ctext%3ANetherlands%2CselectionType%3AINCLUDED)%2C(id%3A100364837%2Ctext%3APortugal%2CselectionType%3AINCLUDED)%2C(id%3A106057199%2Ctext%3ABrazil%2CselectionType%3AINCLUDED)%2C(id%3A101282230%2Ctext%3AGermany%2CselectionType%3AINCLUDED)%2C(id%3A105646813%2Ctext%3ASpain%2CselectionType%3AINCLUDED)))%2C(type%3ACOMPANY_HEADCOUNT%2Cvalues%3AList((id%3AE%2Ctext%3A201-500%2CselectionType%3AINCLUDED)%2C(id%3AF%2Ctext%3A501-1000%2CselectionType%3AINCLUDED)%2C(id%3AG%2Ctext%3A1001-5000%2CselectionType%3AINCLUDED)%2C(id%3AH%2Ctext%3A5001-10%252C000%2CselectionType%3AINCLUDED)%2C(id%3AI%2Ctext%3A10%252C000%252B%2CselectionType%3AINCLUDED)))%2C(type%3ASENIORITY_LEVEL%2Cvalues%3AList((id%3A320%2Ctext%3AOwner%2520%252F%2520Partner%2CselectionType%3AINCLUDED)%2C(id%3A310%2Ctext%3ACXO%2CselectionType%3AINCLUDED)%2C(id%3A300%2Ctext%3AVice%2520President%2CselectionType%3AINCLUDED))))%2Ckeywords%3Afounder%2520OR%2520co-founder%2520OR%2520CEO%2520OR%2520chief%2520executive%2520officer%2520OR%2520owner%2520OR%2520managing%2520partner%2520OR%2520managing%2520director%2520OR%2520president%2520OR%2520group%2520CEO%2520OR%2520chief%2520operating%2520officer%2520OR%2520COO%2520OR%2520VP%2520operations%2520OR%2520operations%2520director%2520OR%2520operating%2520partner%2520OR%2520transformation%2520director%2520OR%2520VP%2520strategy%2520AND%2520%2522private%2520equity%2522%2520OR%2520%2522value%2520creation%2522%2520OR%2520P%2526L%2520OR%2520%2522multi-site%2522%2520OR%2520manufacturing%2520OR%2520%2522lean%2520six%2520sigma%2522%2520OR%2520turnaround%2520OR%2520%2522digital%2520transformation%2522)&sessionId=y1e6DeygSXibJUSAfZ9aLA%3D%3D&viewAllFilters=true,2026-09-06T17:12:58.754Z,https://linkedin.com/in/guidoheezen,573350508,Joey Moreau
"https://www.linkedin.com/sales/lead/ACwAAAEfYn0Bq9biXG8HE1edmZzpdN-emlSDPWY,NAME_SEARCH,xHa2",Patrick Schneider,Patrick,Schneider,True Brands,President International | Head of Sales US,123791,https://www.linkedin.com/sales/company/123791,https://www.linkedin.com/company/123791,"Entrepreneurial Chief Executive Officer with 20+ years of experience in building, scaling and transforming international consumer and lifestyle businesses. Founder at heart, executive by trade.

I have led organizations from early-stage entrepreneurial concepts to mature, multi-subsidiary international groups operating in over 80 countries. My background spans brand creation, product innovation, international sales, operations, supply chain and governance, with full P&L responsibility in both family-owned and privately held environments.

I am known for translating innovation into commercially successful brands, building high-performing international teams and aligning purpose, people and profit. Alongside commercial growth, I have consistently integrated sustainability, social impact and long-term value creation into business strategy.

Currently active at the intersection of international expansion, new brand creation and organizational transformation.","- Founded and launched the European subsidiary (Netherlands) for a US category leader in bar and drinkware
- Designed and executed international expansion strategy beyond a historically US-only focus
- Built a new mid-tier wine accessory brand (Innovine) from concept to international trade show launch within six months
- Led full brand creation: positioning, naming, packaging, product portfolio and pricing strategy
- Appointed to lead US National Accounts Sales during organizational restructuring

Key Results
- €1–2 million incremental revenue projected in year one
- Reduced geographic revenue dependency and strengthened global growth platform",Manufacturing,"Seattle, Washington, United States","Delfgauw, South Holland, Netherlands",2 years 7 months in role,2 years 7 months in company,Dutch Creative Brands Group,https://www.linkedin.com/company/330633,Owner,06/2019-05/2025,5 years 11 months,2nd,https://media.licdn.com/dms/image/v2/C4E03AQHaSQE7FO7goQ/profile-displayphoto-shrink_800_800/profile-displayphoto-shrink_800_800/0/1590743105033?e=1790208000&v=beta&t=2OlTR-0BWWrbVfmUDmxw39_Cn2U7K34U6RZIJCv3rpA,126,Patrick Schneider,ACwAAAEfYn0Bq9biXG8HE1edmZzpdN-emlSDPWY,https://www.linkedin.com/in/ACwAAAEfYn0Bq9biXG8HE1edmZzpdN-emlSDPWY/,FALSE,FALSE,https://www.linkedin.com/sales/search/people?query=(spellCorrectionEnabled%3Atrue%2CrecentSearchParam%3A(id%3A4517364857%2CdoLogHistory%3Atrue)%2Cfilters%3AList((type%3ACONNECTION_OF%2Cvalues%3AList((id%3AACwAAAn2NDEBGumkSP-qxyxZk6BvpJETw5-rZ9I%2Ctext%3ADr.%2520Kauan%2520von%2520Novack%2CselectionType%3AINCLUDED)))%2C(type%3ARELATIONSHIP%2Cvalues%3AList((id%3AF%2Ctext%3A1st%2520degree%2520connections%2CselectionType%3AINCLUDED)%2C(id%3AS%2Ctext%3A2nd%2520degree%2520connections%2CselectionType%3AINCLUDED)))%2C(type%3AREGION%2Cvalues%3AList((id%3A102890719%2Ctext%3ANetherlands%2CselectionType%3AINCLUDED)%2C(id%3A100364837%2Ctext%3APortugal%2CselectionType%3AINCLUDED)%2C(id%3A106057199%2Ctext%3ABrazil%2CselectionType%3AINCLUDED)%2C(id%3A101282230%2Ctext%3AGermany%2CselectionType%3AINCLUDED)%2C(id%3A105646813%2Ctext%3ASpain%2CselectionType%3AINCLUDED)))%2C(type%3ACOMPANY_HEADCOUNT%2Cvalues%3AList((id%3AE%2Ctext%3A201-500%2CselectionType%3AINCLUDED)%2C(id%3AF%2Ctext%3A501-1000%2CselectionType%3AINCLUDED)%2C(id%3AG%2Ctext%3A1001-5000%2CselectionType%3AINCLUDED)%2C(id%3AH%2Ctext%3A5001-10%252C000%2CselectionType%3AINCLUDED)%2C(id%3AI%2Ctext%3A10%252C000%252B%2CselectionType%3AINCLUDED)))%2C(type%3ASENIORITY_LEVEL%2Cvalues%3AList((id%3A320%2Ctext%3AOwner%2520%252F%2520Partner%2CselectionType%3AINCLUDED)%2C(id%3A310%2Ctext%3ACXO%2CselectionType%3AINCLUDED)%2C(id%3A300%2Ctext%3AVice%2520President%2CselectionType%3AINCLUDED))))%2Ckeywords%3Afounder%2520OR%2520co-founder%2520OR%2520CEO%2520OR%2520chief%2520executive%2520officer%2520OR%2520owner%2520OR%2520managing%2520partner%2520OR%2520managing%2520director%2520OR%2520president%2520OR%2520group%2520CEO%2520OR%2520chief%2520operating%2520officer%2520OR%2520COO%2520OR%2520VP%2520operations%2520OR%2520operations%2520director%2520OR%2520operating%2520partner%2520OR%2520transformation%2520director%2520OR%2520VP%2520strategy%2520AND%2520%2522private%2520equity%2522%2520OR%2520%2522value%2520creation%2522%2520OR%2520P%2526L%2520OR%2520%2522multi-site%2522%2520OR%2520manufacturing%2520OR%2520%2522lean%2520six%2520sigma%2522%2520OR%2520turnaround%2520OR%2520%2522digital%2520transformation%2522)&sessionId=y1e6DeygSXibJUSAfZ9aLA%3D%3D&viewAllFilters=true,2026-09-06T17:12:58.754Z,https://linkedin.com/in/nl-patrick-schneider,573350508,Joey Moreau
"https://www.linkedin.com/sales/lead/ACwAAACHY-QBa6E8h6QjTHWS9uAuVU3bTvwCJkI,NAME_SEARCH,OPvo",Nuno Brito Afonso,Nuno,Brito Afonso,Daymon International,President at Daymon International,105156626,https://www.linkedin.com/sales/company/105156626,https://www.linkedin.com/company/105156626,"At Daymon International, we help retailers elevate their Private Brands to drive growth and stand out in the market. With a proven track record, we deliver tailored solutions that boost sales, increase customer loyalty, and enhance profitability.","At Daymon International, I have the privilege of leading an exceptional global team dedicated to delivering innovative Private Brand solutions that empower retailers to grow, differentiate, and succeed in today’s competitive market.",Business Consulting and Services,"Miraflores, Lisbon, Portugal","Lisboa, Lisbon, Portugal",2 years 2 months in role,11 years 6 months in company,,,,,,2nd,https://media.licdn.com/dms/image/v2/D4E03AQGY_twO3M03Jw/profile-displayphoto-crop_800_800/B4EZ8E43MAHMAM-/0/1782493448268?e=1790208000&v=beta&t=aOsJye59OnCs6MMpanzVi83jMgYoWKReYAQistQsde8,3,Nuno Brito Afonso,ACwAAACHY-QBa6E8h6QjTHWS9uAuVU3bTvwCJkI,https://www.linkedin.com/in/ACwAAACHY-QBa6E8h6QjTHWS9uAuVU3bTvwCJkI/,TRUE,FALSE,https://www.linkedin.com/sales/search/people?query=(spellCorrectionEnabled%3Atrue%2CrecentSearchParam%3A(id%3A4517364857%2CdoLogHistory%3Atrue)%2Cfilters%3AList((type%3ACONNECTION_OF%2Cvalues%3AList((id%3AACwAAAn2NDEBGumkSP-qxyxZk6BvpJETw5-rZ9I%2Ctext%3ADr.%2520Kauan%2520von%2520Novack%2CselectionType%3AINCLUDED)))%2C(type%3ARELATIONSHIP%2Cvalues%3AList((id%3AF%2Ctext%3A1st%2520degree%2520connections%2CselectionType%3AINCLUDED)%2C(id%3AS%2Ctext%3A2nd%2520degree%2520connections%2CselectionType%3AINCLUDED)))%2C(type%3AREGION%2Cvalues%3AList((id%3A102890719%2Ctext%3ANetherlands%2CselectionType%3AINCLUDED)%2C(id%3A100364837%2Ctext%3APortugal%2CselectionType%3AINCLUDED)%2C(id%3A106057199%2Ctext%3ABrazil%2CselectionType%3AINCLUDED)%2C(id%3A101282230%2Ctext%3AGermany%2CselectionType%3AINCLUDED)%2C(id%3A105646813%2Ctext%3ASpain%2CselectionType%3AINCLUDED)))%2C(type%3ACOMPANY_HEADCOUNT%2Cvalues%3AList((id%3AE%2Ctext%3A201-500%2CselectionType%3AINCLUDED)%2C(id%3AF%2Ctext%3A501-1000%2CselectionType%3AINCLUDED)%2C(id%3AG%2Ctext%3A1001-5000%2CselectionType%3AINCLUDED)%2C(id%3AH%2Ctext%3A5001-10%252C000%2CselectionType%3AINCLUDED)%2C(id%3AI%2Ctext%3A10%252C000%252B%2CselectionType%3AINCLUDED)))%2C(type%3ASENIORITY_LEVEL%2Cvalues%3AList((id%3A320%2Ctext%3AOwner%2520%252F%2520Partner%2CselectionType%3AINCLUDED)%2C(id%3A310%2Ctext%3ACXO%2CselectionType%3AINCLUDED)%2C(id%3A300%2Ctext%3AVice%2520President%2CselectionType%3AINCLUDED))))%2Ckeywords%3Afounder%2520OR%2520co-founder%2520OR%2520CEO%2520OR%2520chief%2520executive%2520officer%2520OR%2520owner%2520OR%2520managing%2520partner%2520OR%2520managing%2520director%2520OR%2520president%2520OR%2520group%2520CEO%2520OR%2520chief%2520operating%2520officer%2520OR%2520COO%2520OR%2520VP%2520operations%2520OR%2520operations%2520director%2520OR%2520operating%2520partner%2520OR%2520transformation%2520director%2520OR%2520VP%2520strategy%2520AND%2520%2522private%2520equity%2522%2520OR%2520%2522value%2520creation%2522%2520OR%2520P%2526L%2520OR%2520%2522multi-site%2522%2520OR%2520manufacturing%2520OR%2520%2522lean%2520six%2520sigma%2522%2520OR%2520turnaround%2520OR%2520%2522digital%2520transformation%2522)&sessionId=y1e6DeygSXibJUSAfZ9aLA%3D%3D&viewAllFilters=true,2026-09-06T17:12:58.754Z,https://linkedin.com/in/nunobritoafonso,573350508,Joey Moreau
"https://www.linkedin.com/sales/lead/ACwAAAAjA1YBskbLpQ_h7eqZMKIbKkycTQMRv14,NAME_SEARCH,WuAC",Pedro M. Cano Desandes,Pedro M.,Cano Desandes,Generalitat de Catalunya,"Director general de la Gent Gran, Departament de Drets Socials i Inclusió",163968,https://www.linkedin.com/sales/company/163968,https://www.linkedin.com/company/163968,"Tech for care. I am a director working in Health and Care, graduated in Medicine and specialised in health organisation management, with experience in transformation, innovation projects and management of multifunctional teams. I have worked at executive committee level since 1999 in technology, quality - processes - operational excellence, medical - healthcare, digital transformation, creation of new services and change management functions.

I make creativity become real innovation and ideas come to life. I am an entrepreneur (mobilising the organisation internally to innovate or reformulate the business model), I consider myself a good mentor (I make people grow) and I like to communicate both in the technical and institutional fields.

I value passion as a source of inspiration to do your best, think big, share knowledge and stimulate curiosity to find the best information for decision making. Everything tends to be better when accompanied by a good sense of humour and empathy.

Interested in #DigitalHealth #DigitalTherapeutics #EmergingTech #Innovation #Ageing #Alzheimer #Brain #Longevity. If you want to contact me, please write me a direct message on LinkedIn.","Planning, promotion, and coordination of public policies aimed at improving the quality of life of older people in Catalonia. Promotion of active and healthy aging, free from ageism and mistreatment, and committed to combating unwanted loneliness in an increasingly long-lived population.

https://web.gencat.cat/ca/adreces-i-telefons/detall/?codInf=23732",Government Administration,"Barcelona, Catalonia, Spain",Greater Barcelona Metropolitan Area,1 year in role,1 year in company,Sanitas,https://www.linkedin.com/company/15727,"Medical, Quality and Innovation Director at Sanitas Mayores | Business Transformation ",03/2020-02/2021,11 months,2nd,,23,Pedro M. Cano Desandes,ACwAAAAjA1YBskbLpQ_h7eqZMKIbKkycTQMRv14,https://www.linkedin.com/in/ACwAAAAjA1YBskbLpQ_h7eqZMKIbKkycTQMRv14/,TRUE,FALSE,https://www.linkedin.com/sales/search/people?query=(spellCorrectionEnabled%3Atrue%2CrecentSearchParam%3A(id%3A4517364857%2CdoLogHistory%3Atrue)%2Cfilters%3AList((type%3ACONNECTION_OF%2Cvalues%3AList((id%3AACwAAAn2NDEBGumkSP-qxyxZk6BvpJETw5-rZ9I%2Ctext%3ADr.%2520Kauan%2520von%2520Novack%2CselectionType%3AINCLUDED)))%2C(type%3ARELATIONSHIP%2Cvalues%3AList((id%3AF%2Ctext%3A1st%2520degree%2520connections%2CselectionType%3AINCLUDED)%2C(id%3AS%2Ctext%3A2nd%2520degree%2520connections%2CselectionType%3AINCLUDED)))%2C(type%3AREGION%2Cvalues%3AList((id%3A102890719%2Ctext%3ANetherlands%2CselectionType%3AINCLUDED)%2C(id%3A100364837%2Ctext%3APortugal%2CselectionType%3AINCLUDED)%2C(id%3A106057199%2Ctext%3ABrazil%2CselectionType%3AINCLUDED)%2C(id%3A101282230%2Ctext%3AGermany%2CselectionType%3AINCLUDED)%2C(id%3A105646813%2Ctext%3ASpain%2CselectionType%3AINCLUDED)))%2C(type%3ACOMPANY_HEADCOUNT%2Cvalues%3AList((id%3AE%2Ctext%3A201-500%2CselectionType%3AINCLUDED)%2C(id%3AF%2Ctext%3A501-1000%2CselectionType%3AINCLUDED)%2C(id%3AG%2Ctext%3A1001-5000%2CselectionType%3AINCLUDED)%2C(id%3AH%2Ctext%3A5001-10%252C000%2CselectionType%3AINCLUDED)%2C(id%3AI%2Ctext%3A10%252C000%252B%2CselectionType%3AINCLUDED)))%2C(type%3ASENIORITY_LEVEL%2Cvalues%3AList((id%3A320%2Ctext%3AOwner%2520%252F%2520Partner%2CselectionType%3AINCLUDED)%2C(id%3A310%2Ctext%3ACXO%2CselectionType%3AINCLUDED)%2C(id%3A300%2Ctext%3AVice%2520President%2CselectionType%3AINCLUDED))))%2Ckeywords%3Afounder%2520OR%2520co-founder%2520OR%2520CEO%2520OR%2520chief%2520executive%2520officer%2520OR%2520owner%2520OR%2520managing%2520partner%2520OR%2520managing%2520director%2520OR%2520president%2520OR%2520group%2520CEO%2520OR%2520chief%2520operating%2520officer%2520OR%2520COO%2520OR%2520VP%2520operations%2520OR%2520operations%2520director%2520OR%2520operating%2520partner%2520OR%2520transformation%2520director%2520OR%2520VP%2520strategy%2520AND%2520%2522private%2520equity%2522%2520OR%2520%2522value%2520creation%2522%2520OR%2520P%2526L%2520OR%2520%2522multi-site%2522%2520OR%2520manufacturing%2520OR%2520%2522lean%2520six%2520sigma%2522%2520OR%2520turnaround%2520OR%2520%2522digital%2520transformation%2522)&sessionId=y1e6DeygSXibJUSAfZ9aLA%3D%3D&viewAllFilters=true,2026-09-06T17:12:58.754Z,https://linkedin.com/in/pedrocanodesandes,573350508,Joey Moreau
"https://www.linkedin.com/sales/lead/ACwAAABvIxoBm0ByCdZSs8HssYOZsfkx4ibwcZI,NAME_SEARCH,cw8s",Joeri Kraaijestein,Joeri,Kraaijestein,Hub Group B.V.,Co-Owner,,,,"BEROUND:
Beround is a consultancy agency, which is specialized in software testing. 

Beround believes that besides structured testing, structured testing can also be incorporated in flexible and pragmatic test approaches in order to achieve the expected results. Hard work must be combined with high social and communication skills and with excellent stakeholder management.

Beround provides test management and test consultancy in all kind of testing trajectories, like:
- Software 
- Infrastructure
- Migration
- Websites
- Mobile devices & browser compatibility
- Performance
- Test automation
- Security
 
JOERI KRAAIJESTEIN:
Joeri is a test/project manager and he has been working in the IT business since 1998. In the first years of his career he was working as a software developer, (senior) software engineer and team manager system development (Microsoft.NET). Since 2004 his career continues as a test manager/project manager. In these roles he has worked for CCS, CAK-bz, KPN, Acision, LUMC/UMC Utrecht, Het ConsultancyHuis, ING, IBM/ABNAMRO, Newspark, ING Investment Management, BeRound, Fujitsu/ING and KLM.

Joeri is best described as a driven, reliable and sociable professional who can handle stress well. He will think in solutions which results in win-win situations. As a manager he is a team player/builder whose goal is to achieve a maximum of result for the employee and for the department/project. Short term results will be well taken in consideration with long term results. His enthusiasm, eye for result and pragmatic and flexible approach lead to satisfied sponsors.",,,,"The Randstad, Netherlands",7 years 1 month in role,7 years 1 month in company,,,,,,2nd,https://media.licdn.com/dms/image/v2/C4E03AQGno7BmUpkE9w/profile-displayphoto-shrink_800_800/profile-displayphoto-shrink_800_800/0/1602508136208?e=1790208000&v=beta&t=QqSqLchqUy8E9-cVvzcOrgFEkqYTt9G4lmdR0cx7TK0,110,Joeri Kraaijestein,ACwAAABvIxoBm0ByCdZSs8HssYOZsfkx4ibwcZI,https://www.linkedin.com/in/ACwAAABvIxoBm0ByCdZSs8HssYOZsfkx4ibwcZI/,FALSE,FALSE,https://www.linkedin.com/sales/search/people?query=(spellCorrectionEnabled%3Atrue%2CrecentSearchParam%3A(id%3A4517364857%2CdoLogHistory%3Atrue)%2Cfilters%3AList((type%3ACONNECTION_OF%2Cvalues%3AList((id%3AACwAAAn2NDEBGumkSP-qxyxZk6BvpJETw5-rZ9I%2Ctext%3ADr.%2520Kauan%2520von%2520Novack%2CselectionType%3AINCLUDED)))%2C(type%3ARELATIONSHIP%2Cvalues%3AList((id%3AF%2Ctext%3A1st%2520degree%2520connections%2CselectionType%3AINCLUDED)%2C(id%3AS%2Ctext%3A2nd%2520degree%2520connections%2CselectionType%3AINCLUDED)))%2C(type%3AREGION%2Cvalues%3AList((id%3A102890719%2Ctext%3ANetherlands%2CselectionType%3AINCLUDED)%2C(id%3A100364837%2Ctext%3APortugal%2CselectionType%3AINCLUDED)%2C(id%3A106057199%2Ctext%3ABrazil%2CselectionType%3AINCLUDED)%2C(id%3A101282230%2Ctext%3AGermany%2CselectionType%3AINCLUDED)%2C(id%3A105646813%2Ctext%3ASpain%2CselectionType%3AINCLUDED)))%2C(type%3ACOMPANY_HEADCOUNT%2Cvalues%3AList((id%3AE%2Ctext%3A201-500%2CselectionType%3AINCLUDED)%2C(id%3AF%2Ctext%3A501-1000%2CselectionType%3AINCLUDED)%2C(id%3AG%2Ctext%3A1001-5000%2CselectionType%3AINCLUDED)%2C(id%3AH%2Ctext%3A5001-10%252C000%2CselectionType%3AINCLUDED)%2C(id%3AI%2Ctext%3A10%252C000%252B%2CselectionType%3AINCLUDED)))%2C(type%3ASENIORITY_LEVEL%2Cvalues%3AList((id%3A320%2Ctext%3AOwner%2520%252F%2520Partner%2CselectionType%3AINCLUDED)%2C(id%3A310%2Ctext%3ACXO%2CselectionType%3AINCLUDED)%2C(id%3A300%2Ctext%3AVice%2520President%2CselectionType%3AINCLUDED))))%2Ckeywords%3Afounder%2520OR%2520co-founder%2520OR%2520CEO%2520OR%2520chief%2520executive%2520officer%2520OR%2520owner%2520OR%2520managing%2520partner%2520OR%2520managing%2520director%2520OR%2520president%2520OR%2520group%2520CEO%2520OR%2520chief%2520operating%2520officer%2520OR%2520COO%2520OR%2520VP%2520operations%2520OR%2520operations%2520director%2520OR%2520operating%2520partner%2520OR%2520transformation%2520director%2520OR%2520VP%2520strategy%2520AND%2520%2522private%2520equity%2522%2520OR%2520%2522value%2520creation%2522%2520OR%2520P%2526L%2520OR%2520%2522multi-site%2522%2520OR%2520manufacturing%2520OR%2520%2522lean%2520six%2520sigma%2522%2520OR%2520turnaround%2520OR%2520%2522digital%2520transformation%2522)&sessionId=y1e6DeygSXibJUSAfZ9aLA%3D%3D&viewAllFilters=true,2026-09-06T17:12:58.754Z,https://linkedin.com/in/joerikraaijestein,573350508,Joey Moreau
"https://www.linkedin.com/sales/lead/ACwAAAFmAusBNLQ5NbxccsAeJk1TlRa0Fb_Bk0U,NAME_SEARCH,aUST",Jose Noguer,Jose,Noguer,Leadtech Group,Chief Digital Strategy Officer,9434927,https://www.linkedin.com/sales/company/9434927,https://www.linkedin.com/company/9434927,,,Software Development,"Barcelona, Catalonia, Spain","Barcelona, Catalonia, Spain",10 months in role,10 months in company,,,,,,2nd,https://media.licdn.com/dms/image/v2/D4D03AQHpD_d-sW9w6Q/profile-displayphoto-crop_800_800/B4DZjm89SwGsAI-/0/1756221396591?e=1790208000&v=beta&t=gGh0oSNx3tdIShoG-c5SMDtlIllBW6iC15EpSxIXtm4,10,Jose Noguer,ACwAAAFmAusBNLQ5NbxccsAeJk1TlRa0Fb_Bk0U,https://www.linkedin.com/in/ACwAAAFmAusBNLQ5NbxccsAeJk1TlRa0Fb_Bk0U/,FALSE,FALSE,https://www.linkedin.com/sales/search/people?query=(spellCorrectionEnabled%3Atrue%2CrecentSearchParam%3A(id%3A4517364857%2CdoLogHistory%3Atrue)%2Cfilters%3AList((type%3ACONNECTION_OF%2Cvalues%3AList((id%3AACwAAAn2NDEBGumkSP-qxyxZk6BvpJETw5-rZ9I%2Ctext%3ADr.%2520Kauan%2520von%2520Novack%2CselectionType%3AINCLUDED)))%2C(type%3ARELATIONSHIP%2Cvalues%3AList((id%3AF%2Ctext%3A1st%2520degree%2520connections%2CselectionType%3AINCLUDED)%2C(id%3AS%2Ctext%3A2nd%2520degree%2520connections%2CselectionType%3AINCLUDED)))%2C(type%3AREGION%2Cvalues%3AList((id%3A102890719%2Ctext%3ANetherlands%2CselectionType%3AINCLUDED)%2C(id%3A100364837%2Ctext%3APortugal%2CselectionType%3AINCLUDED)%2C(id%3A106057199%2Ctext%3ABrazil%2CselectionType%3AINCLUDED)%2C(id%3A101282230%2Ctext%3AGermany%2CselectionType%3AINCLUDED)%2C(id%3A105646813%2Ctext%3ASpain%2CselectionType%3AINCLUDED)))%2C(type%3ACOMPANY_HEADCOUNT%2Cvalues%3AList((id%3AE%2Ctext%3A201-500%2CselectionType%3AINCLUDED)%2C(id%3AF%2Ctext%3A501-1000%2CselectionType%3AINCLUDED)%2C(id%3AG%2Ctext%3A1001-5000%2CselectionType%3AINCLUDED)%2C(id%3AH%2Ctext%3A5001-10%252C000%2CselectionType%3AINCLUDED)%2C(id%3AI%2Ctext%3A10%252C000%252B%2CselectionType%3AINCLUDED)))%2C(type%3ASENIORITY_LEVEL%2Cvalues%3AList((id%3A320%2Ctext%3AOwner%2520%252F%2520Partner%2CselectionType%3AINCLUDED)%2C(id%3A310%2Ctext%3ACXO%2CselectionType%3AINCLUDED)%2C(id%3A300%2Ctext%3AVice%2520President%2CselectionType%3AINCLUDED))))%2Ckeywords%3Afounder%2520OR%2520co-founder%2520OR%2520CEO%2520OR%2520chief%2520executive%2520officer%2520OR%2520owner%2520OR%2520managing%2520partner%2520OR%2520managing%2520director%2520OR%2520president%2520OR%2520group%2520CEO%2520OR%2520chief%2520operating%2520officer%2520OR%2520COO%2520OR%2520VP%2520operations%2520OR%2520operations%2520director%2520OR%2520operating%2520partner%2520OR%2520transformation%2520director%2520OR%2520VP%2520strategy%2520AND%2520%2522private%2520equity%2522%2520OR%2520%2522value%2520creation%2522%2520OR%2520P%2526L%2520OR%2520%2522multi-site%2522%2520OR%2520manufacturing%2520OR%2520%2522lean%2520six%2520sigma%2522%2520OR%2520turnaround%2520OR%2520%2522digital%2520transformation%2522)&sessionId=y1e6DeygSXibJUSAfZ9aLA%3D%3D&viewAllFilters=true,2026-09-06T17:12:58.754Z,https://linkedin.com/in/jose-noguer-ab7a357,573350508,Joey Moreau
"https://www.linkedin.com/sales/lead/ACwAAABx4-UBWyXW8rRZ05phahsHtmQMAprN7VE,NAME_SEARCH,Om1u",Andreas Dripke,Andreas,Dripke,DC Future Academy,Factotum,,,,A thriving economy bringing prosperity to mankind is one of the best guarantors of peace.,,,,Frankfurt Rhine-Main Metropolitan Area,1 year 9 months in role,1 year 9 months in company,,,,,,2nd,https://media.licdn.com/dms/image/v2/C5603AQFdtaksOL0DAw/profile-displayphoto-shrink_800_800/profile-displayphoto-shrink_800_800/0/1516274505827?e=1790208000&v=beta&t=pg0bPFnBsMRVIJXGjfV76NAbxi_L6_jv_XBE_h41KZA,25,Andreas Dripke,ACwAAABx4-UBWyXW8rRZ05phahsHtmQMAprN7VE,https://www.linkedin.com/in/ACwAAABx4-UBWyXW8rRZ05phahsHtmQMAprN7VE/,FALSE,FALSE,https://www.linkedin.com/sales/search/people?query=(spellCorrectionEnabled%3Atrue%2CrecentSearchParam%3A(id%3A4517364857%2CdoLogHistory%3Atrue)%2Cfilters%3AList((type%3ACONNECTION_OF%2Cvalues%3AList((id%3AACwAAAn2NDEBGumkSP-qxyxZk6BvpJETw5-rZ9I%2Ctext%3ADr.%2520Kauan%2520von%2520Novack%2CselectionType%3AINCLUDED)))%2C(type%3ARELATIONSHIP%2Cvalues%3AList((id%3AF%2Ctext%3A1st%2520degree%2520connections%2CselectionType%3AINCLUDED)%2C(id%3AS%2Ctext%3A2nd%2520degree%2520connections%2CselectionType%3AINCLUDED)))%2C(type%3AREGION%2Cvalues%3AList((id%3A102890719%2Ctext%3ANetherlands%2CselectionType%3AINCLUDED)%2C(id%3A100364837%2Ctext%3APortugal%2CselectionType%3AINCLUDED)%2C(id%3A106057199%2Ctext%3ABrazil%2CselectionType%3AINCLUDED)%2C(id%3A101282230%2Ctext%3AGermany%2CselectionType%3AINCLUDED)%2C(id%3A105646813%2Ctext%3ASpain%2CselectionType%3AINCLUDED)))%2C(type%3ACOMPANY_HEADCOUNT%2Cvalues%3AList((id%3AE%2Ctext%3A201-500%2CselectionType%3AINCLUDED)%2C(id%3AF%2Ctext%3A501-1000%2CselectionType%3AINCLUDED)%2C(id%3AG%2Ctext%3A1001-5000%2CselectionType%3AINCLUDED)%2C(id%3AH%2Ctext%3A5001-10%252C000%2CselectionType%3AINCLUDED)%2C(id%3AI%2Ctext%3A10%252C000%252B%2CselectionType%3AINCLUDED)))%2C(type%3ASENIORITY_LEVEL%2Cvalues%3AList((id%3A320%2Ctext%3AOwner%2520%252F%2520Partner%2CselectionType%3AINCLUDED)%2C(id%3A310%2Ctext%3ACXO%2CselectionType%3AINCLUDED)%2C(id%3A300%2Ctext%3AVice%2520President%2CselectionType%3AINCLUDED))))%2Ckeywords%3Afounder%2520OR%2520co-founder%2520OR%2520CEO%2520OR%2520chief%2520executive%2520officer%2520OR%2520owner%2520OR%2520managing%2520partner%2520OR%2520managing%2520director%2520OR%2520president%2520OR%2520group%2520CEO%2520OR%2520chief%2520operating%2520officer%2520OR%2520COO%2520OR%2520VP%2520operations%2520OR%2520operations%2520director%2520OR%2520operating%2520partner%2520OR%2520transformation%2520director%2520OR%2520VP%2520strategy%2520AND%2520%2522private%2520equity%2522%2520OR%2520%2522value%2520creation%2522%2520OR%2520P%2526L%2520OR%2520%2522multi-site%2522%2520OR%2520manufacturing%2520OR%2520%2522lean%2520six%2520sigma%2522%2520OR%2520turnaround%2520OR%2520%2522digital%2520transformation%2522)&sessionId=y1e6DeygSXibJUSAfZ9aLA%3D%3D&viewAllFilters=true,2026-09-06T17:12:58.754Z,https://linkedin.com/in/dripke,573350508,Joey Moreau
"https://www.linkedin.com/sales/lead/ACwAAAAgY7gB0Lanz2ztSD6HPqw66LSYHbeGiu8,NAME_SEARCH,jje4",Suzanna Koning,Suzanna,Koning,InShared,Chief Executive Officer,575174,https://www.linkedin.com/sales/company/575174,https://www.linkedin.com/company/575174,"Experienced international CEO and Supervisory Board Member with 20 plus years in executive leadership across digital, consumer, media, retail and financial services.I currently lead InShared, Achmea’s digital first insurance business, active in the Netherlands and expanding across Europe. As CEO, I am responsible for strategy, growth, customer experience, operations, technology and organisational development within a regulated environment.Previously, I served as CEO of NU.nl, the Netherlands’ leading digital news platform, part of DPG Media (before Sanoma), and led global loyalty strategy at Marks &amp; Spencer in the UK. Earlier roles at McKinsey, Danone and Ahold shaped my leadership around clear strategy, customer focus, commercial growth and strong execution.What drives me is helping organisations become more relevant to customers and sharper in execution. I enjoy leading teams through complexity, creating clarity, building momentum and scaling businesses with both ambition and discipline.My leadership style combines strategic thinking, curiosity, commercial focus and a strong belief in people. I am at my best in organisations with energy, purpose and room to build.","CEO of InShared, part of Achmea’s Executive Group Committee alongside the CEOs of Centraal Beheer, Zilveren Kruis and Interpolis.

InShared is an international digital-first insurance platform launched in 2009, offering fully online insurance products for mobility and living. It is backed by Achmea (€23bn) and operates in the Netherlands, Germany, and Spain. 

Key Achievements & Responsibilities:
• Full P&L leadership across multi-country operations; optimized financial performance and cost ratios while growing the customer base.
• International expansion: leading the market entry and Go-To-Market strategy for Germany and Spain; coordinated licensing, regulatory compliance, and localization.
• AI & Digital innovation: continuous building for more automation across underwriting and claims and value added customer experience
• Growth & customer focus: achieved double-digit portfolio growth while improving NPS and customer lifetime value across markets.
• Stakeholder leadership: represent InShared in regulatory forums (DNB, ACM), supervisory board environments and media.

InShared unique model and positioning: “We all benefit.”
InShared allocates 80% of all premiums toward claims and only 20% toward operations. All unused claims funds are refunded to customers—driving trust, simplicity, and fairness. Fully online, fully transparent.",Insurance,Netherlands,Amsterdam Area,4 years 3 months in role,4 years 3 months in company,NU.nl,https://www.linkedin.com/company/697052,CEO,2018-07/2021,3 years 6 months,1st,https://media.licdn.com/dms/image/v2/D4E03AQGp5tjN98MZew/profile-displayphoto-shrink_800_800/profile-displayphoto-shrink_800_800/0/1693774460514?e=1790208000&v=beta&t=TGO4Hx_OczVTsG-70eTasKeMNMsHxfTVANJPEKW73yA,166,Suzanna Koning,ACwAAAAgY7gB0Lanz2ztSD6HPqw66LSYHbeGiu8,https://www.linkedin.com/in/ACwAAAAgY7gB0Lanz2ztSD6HPqw66LSYHbeGiu8/,TRUE,FALSE,https://www.linkedin.com/sales/search/people?query=(spellCorrectionEnabled%3Atrue%2CrecentSearchParam%3A(id%3A4517364857%2CdoLogHistory%3Atrue)%2Cfilters%3AList((type%3ACONNECTION_OF%2Cvalues%3AList((id%3AACwAAAn2NDEBGumkSP-qxyxZk6BvpJETw5-rZ9I%2Ctext%3ADr.%2520Kauan%2520von%2520Novack%2CselectionType%3AINCLUDED)))%2C(type%3ARELATIONSHIP%2Cvalues%3AList((id%3AF%2Ctext%3A1st%2520degree%2520connections%2CselectionType%3AINCLUDED)%2C(id%3AS%2Ctext%3A2nd%2520degree%2520connections%2CselectionType%3AINCLUDED)))%2C(type%3AREGION%2Cvalues%3AList((id%3A102890719%2Ctext%3ANetherlands%2CselectionType%3AINCLUDED)%2C(id%3A100364837%2Ctext%3APortugal%2CselectionType%3AINCLUDED)%2C(id%3A106057199%2Ctext%3ABrazil%2CselectionType%3AINCLUDED)%2C(id%3A101282230%2Ctext%3AGermany%2CselectionType%3AINCLUDED)%2C(id%3A105646813%2Ctext%3ASpain%2CselectionType%3AINCLUDED)))%2C(type%3ACOMPANY_HEADCOUNT%2Cvalues%3AList((id%3AE%2Ctext%3A201-500%2CselectionType%3AINCLUDED)%2C(id%3AF%2Ctext%3A501-1000%2CselectionType%3AINCLUDED)%2C(id%3AG%2Ctext%3A1001-5000%2CselectionType%3AINCLUDED)%2C(id%3AH%2Ctext%3A5001-10%252C000%2CselectionType%3AINCLUDED)%2C(id%3AI%2Ctext%3A10%252C000%252B%2CselectionType%3AINCLUDED)))%2C(type%3ASENIORITY_LEVEL%2Cvalues%3AList((id%3A320%2Ctext%3AOwner%2520%252F%2520Partner%2CselectionType%3AINCLUDED)%2C(id%3A310%2Ctext%3ACXO%2CselectionType%3AINCLUDED)%2C(id%3A300%2Ctext%3AVice%2520President%2CselectionType%3AINCLUDED))))%2Ckeywords%3Afounder%2520OR%2520co-founder%2520OR%2520CEO%2520OR%2520chief%2520executive%2520officer%2520OR%2520owner%2520OR%2520managing%2520partner%2520OR%2520managing%2520director%2520OR%2520president%2520OR%2520group%2520CEO%2520OR%2520chief%2520operating%2520officer%2520OR%2520COO%2520OR%2520VP%2520operations%2520OR%2520operations%2520director%2520OR%2520operating%2520partner%2520OR%2520transformation%2520director%2520OR%2520VP%2520strategy%2520AND%2520%2522private%2520equity%2522%2520OR%2520%2522value%2520creation%2522%2520OR%2520P%2526L%2520OR%2520%2522multi-site%2522%2520OR%2520manufacturing%2520OR%2520%2522lean%2520six%2520sigma%2522%2520OR%2520turnaround%2520OR%2520%2522digital%2520transformation%2522)&sessionId=y1e6DeygSXibJUSAfZ9aLA%3D%3D&viewAllFilters=true,2026-09-06T17:12:58.754Z,https://linkedin.com/in/suzannakoning,573350508,Joey Moreau
"https://www.linkedin.com/sales/lead/ACwAAAJpQfYBqBFUxjs5NmzATsL1elsMeXP4MxM,NAME_SEARCH,lXT5",Steven van den Heuvel,Steven,van den Heuvel,Unloop,Oprichter,76128505,https://www.linkedin.com/sales/company/76128505,https://www.linkedin.com/company/76128505,"Het moment waarop je denkt dat je iemand begrijpt, is vaak het moment waarop je stopt met echt luisteren.Die gedachte loopt als een rode draad door mijn werk.Ik help managementteams, leiders en organisaties om uit patronen te stappen die ooit logisch waren, maar inmiddels in de weg zitten. Om beter samen te werken, scherper te kiezen en verandering echt te laten landen.Daarom richtte ik Unloop op: uit de loop stappen om te zien wat er werkelijk gebeurt.Ik werk als spreker, auteur, MT-coach en veranderkundige. Niet alleen vanaf de zijlijn: ik heb zelf in managementteams gezeten, leidinggegeven en verandertrajecten geleid. Daar heb ik ervaren hoe hardnekkig patronen kunnen zijn.Voorafgaand aan mijn studie werkte ik een jaar als vrijwilliger in een kindertehuis in Portugal. Daarna studeerde ik Bestuurskunde aan de Erasmus Universiteit Rotterdam. Ook ben ik actief bij verschillende maatschappelijke initiatieven. Die ervaringen kleuren mijn kijk op leiderschap: uiteindelijk gaat het altijd over mensen en de wereld waarin zij leven en werken.Mijn werk draait om drie thema’s:Collectief leiderschapHoe wordt een managementteam meer dan een verzameling individuele managers? In Het High Impact MT beschrijf ik drie pijlers: Relaties, Richting en Ritmes.Veranderen met impactWaarom slagen sommige veranderingen wel en andere niet? In High Impact Veranderen beschrijf ik zeven eigenschappen: Contextbewustzijn, Contractvaardigheid, Commitment, Compassie, Conflictvaardigheid, Creatievaardigheid en Coalitievaardigheid.De kunst van het ontmoetenWat gebeurt er als we werkelijk mensen ontmoeten die anders denken, leven of kijken? Daarover gaat mijn derde boek, dat begin 2027 verschijnt. Misschien begint verandering bij het besef dat jouw werkelijkheid niet dé werkelijkheid is.Rond deze thema’s geef ik keynotes en workshops en begeleid ik managementteams, leiders en organisaties. Daarnaast bouw ik met Unloop aan een netwerk van veranderaars en professionals die van en met elkaar willen leren.Mijn ideeën bereiken via LinkedIn inmiddels ruim 33.000 volgers en bijna 10 miljoen impressies per jaar. Maar uiteindelijk gaat het mij om wat er daarna gebeurt: verandert er daadwerkelijk iets?Je kunt bij mij terecht voor:* Keynotes en workshops;* MT-ontwikkeling en leiderschapscoaching;* Begeleiding van organisatieveranderingLaten we kennismaken. Plan een verkenningsgesprek via calendly.com/stevenvandenheuvel/30min of neem contact op via 06 2274 6979.","Unloop helpt organisaties en leiders succesvol veranderen. Als beweging van ervaren veranderaars doorbreken we patronen die verandering vertragen of blokkeren. We begeleiden organisaties bij complexe veranderopgaven met interim-management, verandercoaching, MT-ontwikkeling en leiderschapscoaching. Daarnaast verzorgen we inspirerende keynotes en interactieve workshops over leiderschap, managementteams en organisatieverandering.
Wij geloven dat echte verandering ontstaat wanneer mensen, teams en organisaties anders leren kijken, denken en doen.",Business Consulting and Services,"Houten, Utrecht, Netherlands","Houten, Utrecht, Netherlands",5 years in role,5 years in company,,,,,,2nd,https://media.licdn.com/dms/image/v2/D4D03AQF6522vX1fl_A/profile-displayphoto-shrink_800_800/B4DZSUADSRGkAg-/0/1737649830662?e=1790208000&v=beta&t=qIKs99nFjKS3upg0g4gK1vEcGJKOvpQcZFuC5OjX4rI,332,Steven van den Heuvel,ACwAAAJpQfYBqBFUxjs5NmzATsL1elsMeXP4MxM,https://www.linkedin.com/in/ACwAAAJpQfYBqBFUxjs5NmzATsL1elsMeXP4MxM/,TRUE,FALSE,https://www.linkedin.com/sales/search/people?query=(spellCorrectionEnabled%3Atrue%2CrecentSearchParam%3A(id%3A4517364857%2CdoLogHistory%3Atrue)%2Cfilters%3AList((type%3ACONNECTION_OF%2Cvalues%3AList((id%3AACwAAAn2NDEBGumkSP-qxyxZk6BvpJETw5-rZ9I%2Ctext%3ADr.%2520Kauan%2520von%2520Novack%2CselectionType%3AINCLUDED)))%2C(type%3ARELATIONSHIP%2Cvalues%3AList((id%3AF%2Ctext%3A1st%2520degree%2520connections%2CselectionType%3AINCLUDED)%2C(id%3AS%2Ctext%3A2nd%2520degree%2520connections%2CselectionType%3AINCLUDED)))%2C(type%3AREGION%2Cvalues%3AList((id%3A102890719%2Ctext%3ANetherlands%2CselectionType%3AINCLUDED)%2C(id%3A100364837%2Ctext%3APortugal%2CselectionType%3AINCLUDED)%2C(id%3A106057199%2Ctext%3ABrazil%2CselectionType%3AINCLUDED)%2C(id%3A101282230%2Ctext%3AGermany%2CselectionType%3AINCLUDED)%2C(id%3A105646813%2Ctext%3ASpain%2CselectionType%3AINCLUDED)))%2C(type%3ACOMPANY_HEADCOUNT%2Cvalues%3AList((id%3AE%2Ctext%3A201-500%2CselectionType%3AINCLUDED)%2C(id%3AF%2Ctext%3A501-1000%2CselectionType%3AINCLUDED)%2C(id%3AG%2Ctext%3A1001-5000%2CselectionType%3AINCLUDED)%2C(id%3AH%2Ctext%3A5001-10%252C000%2CselectionType%3AINCLUDED)%2C(id%3AI%2Ctext%3A10%252C000%252B%2CselectionType%3AINCLUDED)))%2C(type%3ASENIORITY_LEVEL%2Cvalues%3AList((id%3A320%2Ctext%3AOwner%2520%252F%2520Partner%2CselectionType%3AINCLUDED)%2C(id%3A310%2Ctext%3ACXO%2CselectionType%3AINCLUDED)%2C(id%3A300%2Ctext%3AVice%2520President%2CselectionType%3AINCLUDED))))%2Ckeywords%3Afounder%2520OR%2520co-founder%2520OR%2520CEO%2520OR%2520chief%2520executive%2520officer%2520OR%2520owner%2520OR%2520managing%2520partner%2520OR%2520managing%2520director%2520OR%2520president%2520OR%2520group%2520CEO%2520OR%2520chief%2520operating%2520officer%2520OR%2520COO%2520OR%2520VP%2520operations%2520OR%2520operations%2520director%2520OR%2520operating%2520partner%2520OR%2520transformation%2520director%2520OR%2520VP%2520strategy%2520AND%2520%2522private%2520equity%2522%2520OR%2520%2522value%2520creation%2522%2520OR%2520P%2526L%2520OR%2520%2522multi-site%2522%2520OR%2520manufacturing%2520OR%2520%2522lean%2520six%2520sigma%2522%2520OR%2520turnaround%2520OR%2520%2522digital%2520transformation%2522)&sessionId=y1e6DeygSXibJUSAfZ9aLA%3D%3D&viewAllFilters=true,2026-09-06T17:12:58.754Z,https://linkedin.com/in/steven-van-den-heuvel-verandermanagement-auteur-spreker,573350508,Joey Moreau
"https://www.linkedin.com/sales/lead/ACwAAAB3Q9ABGx0jUU5MnHp44bJsKZW4eEDcGSk,NAME_SEARCH,aqyu",Guido Braam,Guido,Braam,Powered by Meaning,Co Founder,9420319,https://www.linkedin.com/sales/company/9420319,https://www.linkedin.com/company/9420319,"My professional and personal purpose is to make our current economy more meaningful. I believe that entrepreneurs are filling the gaps and failures in society. I try to inspire others to implement the circular economy and as an entrepreneur myself, start up new circular and social ventures on a continuous basis. I support businesses that want to transform and create more positive impact, either as a consultant or an investor. I am proud of the powered by meaning eco-system we created and I am eager to extend our positive movement","Dit is het tijdperk naar het nieuwe normaal. Elke dag op ondernemende wijze betekenisvol zijn voor de wereld om je heen. Dit tijdperk is onze droom, onze visie. Daar kom je niet alleen. Daarom opereren wij als een collectief dat voortdurend werkt aan nieuwe ontwikkelingen en verbeteringen. Wij zijn een beweging waarbinnen iedereen de verantwoordelijkheid neemt om impact te realiseren. We zetten de versnelling in om ons gezamenlijke doel te bereiken. Door te ondernemen, lef te tonen, te delen en te verbinden. Samen naar een wereld van betekenis. Samen groeien naar het nieuwe normaal. Powered by Meaning",Business Consulting and Services,"De Bilt, Utrecht, Netherlands","Soest, Utrecht, Netherlands",12 years in role,12 years in company,Kirkman Company,https://www.linkedin.com/company/86199442,Managing Partner,09/2001-01/2013,11 years 4 months,1st,https://media.licdn.com/dms/image/v2/D4E03AQG_GPsTjdQ6Hg/profile-displayphoto-shrink_800_800/profile-displayphoto-shrink_800_800/0/1696613636042?e=1790208000&v=beta&t=K1VpaWsPxrIz4AJqQmFd7JsAZa2ypwXH7kcmuzfPDV0,281,Guido Braam,ACwAAAB3Q9ABGx0jUU5MnHp44bJsKZW4eEDcGSk,https://www.linkedin.com/in/ACwAAAB3Q9ABGx0jUU5MnHp44bJsKZW4eEDcGSk/,FALSE,FALSE,https://www.linkedin.com/sales/search/people?query=(spellCorrectionEnabled%3Atrue%2CrecentSearchParam%3A(id%3A4517364857%2CdoLogHistory%3Atrue)%2Cfilters%3AList((type%3ACONNECTION_OF%2Cvalues%3AList((id%3AACwAAAn2NDEBGumkSP-qxyxZk6BvpJETw5-rZ9I%2Ctext%3ADr.%2520Kauan%2520von%2520Novack%2CselectionType%3AINCLUDED)))%2C(type%3ARELATIONSHIP%2Cvalues%3AList((id%3AF%2Ctext%3A1st%2520degree%2520connections%2CselectionType%3AINCLUDED)%2C(id%3AS%2Ctext%3A2nd%2520degree%2520connections%2CselectionType%3AINCLUDED)))%2C(type%3AREGION%2Cvalues%3AList((id%3A102890719%2Ctext%3ANetherlands%2CselectionType%3AINCLUDED)%2C(id%3A100364837%2Ctext%3APortugal%2CselectionType%3AINCLUDED)%2C(id%3A106057199%2Ctext%3ABrazil%2CselectionType%3AINCLUDED)%2C(id%3A101282230%2Ctext%3AGermany%2CselectionType%3AINCLUDED)%2C(id%3A105646813%2Ctext%3ASpain%2CselectionType%3AINCLUDED)))%2C(type%3ACOMPANY_HEADCOUNT%2Cvalues%3AList((id%3AE%2Ctext%3A201-500%2CselectionType%3AINCLUDED)%2C(id%3AF%2Ctext%3A501-1000%2CselectionType%3AINCLUDED)%2C(id%3AG%2Ctext%3A1001-5000%2CselectionType%3AINCLUDED)%2C(id%3AH%2Ctext%3A5001-10%252C000%2CselectionType%3AINCLUDED)%2C(id%3AI%2Ctext%3A10%252C000%252B%2CselectionType%3AINCLUDED)))%2C(type%3ASENIORITY_LEVEL%2Cvalues%3AList((id%3A320%2Ctext%3AOwner%2520%252F%2520Partner%2CselectionType%3AINCLUDED)%2C(id%3A310%2Ctext%3ACXO%2CselectionType%3AINCLUDED)%2C(id%3A300%2Ctext%3AVice%2520President%2CselectionType%3AINCLUDED))))%2Ckeywords%3Afounder%2520OR%2520co-founder%2520OR%2520CEO%2520OR%2520chief%2520executive%2520officer%2520OR%2520owner%2520OR%2520managing%2520partner%2520OR%2520managing%2520director%2520OR%2520president%2520OR%2520group%2520CEO%2520OR%2520chief%2520operating%2520officer%2520OR%2520COO%2520OR%2520VP%2520operations%2520OR%2520operations%2520director%2520OR%2520operating%2520partner%2520OR%2520transformation%2520director%2520OR%2520VP%2520strategy%2520AND%2520%2522private%2520equity%2522%2520OR%2520%2522value%2520creation%2522%2520OR%2520P%2526L%2520OR%2520%2522multi-site%2522%2520OR%2520manufacturing%2520OR%2520%2522lean%2520six%2520sigma%2522%2520OR%2520turnaround%2520OR%2520%2522digital%2520transformation%2522)&sessionId=y1e6DeygSXibJUSAfZ9aLA%3D%3D&viewAllFilters=true,2026-09-06T17:12:58.754Z,https://linkedin.com/in/guidobraam,573350508,Joey Moreau
"https://www.linkedin.com/sales/lead/ACwAAABy494B_MgN3DRWKHBmeFFBQtGLrpz5kJA,NAME_SEARCH,Z6Wi",Andre Pereira-Ambrosio,Andre,Pereira-Ambrosio,Green Solutions,Advisor to the Board,,,,,,,,"Madrid, Community of Madrid, Spain",18 years 9 months in role,18 years 9 months in company,Alantra,https://www.linkedin.com/company/47195,Managing Director - Head of ECM,10/2020-10/2023,3 years,2nd,https://media.licdn.com/dms/image/v2/C5603AQHriceXO-3_ZA/profile-displayphoto-shrink_800_800/profile-displayphoto-shrink_800_800/0/1516275943905?e=1790208000&v=beta&t=0U9bRNtVbLf1SjDIptSFqxBQo5xStjWj7Yy-ifEWNXA,8,Andre Pereira-Ambrosio,ACwAAABy494B_MgN3DRWKHBmeFFBQtGLrpz5kJA,https://www.linkedin.com/in/ACwAAABy494B_MgN3DRWKHBmeFFBQtGLrpz5kJA/,FALSE,FALSE,https://www.linkedin.com/sales/search/people?query=(spellCorrectionEnabled%3Atrue%2CrecentSearchParam%3A(id%3A4517364857%2CdoLogHistory%3Atrue)%2Cfilters%3AList((type%3ACONNECTION_OF%2Cvalues%3AList((id%3AACwAAAn2NDEBGumkSP-qxyxZk6BvpJETw5-rZ9I%2Ctext%3ADr.%2520Kauan%2520von%2520Novack%2CselectionType%3AINCLUDED)))%2C(type%3ARELATIONSHIP%2Cvalues%3AList((id%3AF%2Ctext%3A1st%2520degree%2520connections%2CselectionType%3AINCLUDED)%2C(id%3AS%2Ctext%3A2nd%2520degree%2520connections%2CselectionType%3AINCLUDED)))%2C(type%3AREGION%2Cvalues%3AList((id%3A102890719%2Ctext%3ANetherlands%2CselectionType%3AINCLUDED)%2C(id%3A100364837%2Ctext%3APortugal%2CselectionType%3AINCLUDED)%2C(id%3A106057199%2Ctext%3ABrazil%2CselectionType%3AINCLUDED)%2C(id%3A101282230%2Ctext%3AGermany%2CselectionType%3AINCLUDED)%2C(id%3A105646813%2Ctext%3ASpain%2CselectionType%3AINCLUDED)))%2C(type%3ACOMPANY_HEADCOUNT%2Cvalues%3AList((id%3AE%2Ctext%3A201-500%2CselectionType%3AINCLUDED)%2C(id%3AF%2Ctext%3A501-1000%2CselectionType%3AINCLUDED)%2C(id%3AG%2Ctext%3A1001-5000%2CselectionType%3AINCLUDED)%2C(id%3AH%2Ctext%3A5001-10%252C000%2CselectionType%3AINCLUDED)%2C(id%3AI%2Ctext%3A10%252C000%252B%2CselectionType%3AINCLUDED)))%2C(type%3ASENIORITY_LEVEL%2Cvalues%3AList((id%3A320%2Ctext%3AOwner%2520%252F%2520Partner%2CselectionType%3AINCLUDED)%2C(id%3A310%2Ctext%3ACXO%2CselectionType%3AINCLUDED)%2C(id%3A300%2Ctext%3AVice%2520President%2CselectionType%3AINCLUDED))))%2Ckeywords%3Afounder%2520OR%2520co-founder%2520OR%2520CEO%2520OR%2520chief%2520executive%2520officer%2520OR%2520owner%2520OR%2520managing%2520partner%2520OR%2520managing%2520director%2520OR%2520president%2520OR%2520group%2520CEO%2520OR%2520chief%2520operating%2520officer%2520OR%2520COO%2520OR%2520VP%2520operations%2520OR%2520operations%2520director%2520OR%2520operating%2520partner%2520OR%2520transformation%2520director%2520OR%2520VP%2520strategy%2520AND%2520%2522private%2520equity%2522%2520OR%2520%2522value%2520creation%2522%2520OR%2520P%2526L%2520OR%2520%2522multi-site%2522%2520OR%2520manufacturing%2520OR%2520%2522lean%2520six%2520sigma%2522%2520OR%2520turnaround%2520OR%2520%2522digital%2520transformation%2522)&sessionId=y1e6DeygSXibJUSAfZ9aLA%3D%3D&viewAllFilters=true,2026-09-06T17:12:58.754Z,https://linkedin.com/in/andreperamb,573350508,Joey Moreau
"https://www.linkedin.com/sales/lead/ACwAAAEAYsQB-viOzlPBbej1nm6CobtBhpanS60,NAME_SEARCH,WqXo",Peter Ruiter,Peter,Ruiter,Capgemini,CTO Microsoft CX,157240,https://www.linkedin.com/sales/company/157240,https://www.linkedin.com/company/157240,"I am a Principal Solution Architect and Microsoft CX CTO at Capgemini NL, a global leader in consulting, digital transformation, and technology services.With over 20 years of experience in the IT industry, I have a strong passion for creating simple solutions for complex problems, using my expertise in generative AI, Power Platform, and cloud technologies.I helped numerous clients across various sectors improve their operational efficiency, customer experience, and business outcomes, by architecting, implementing, and delivering innovative and scalable solutions.As a Microsoft MVP, FTRSA, Certified Trainer and a speaker at various events, I also enjoy sharing my knowledge and insights with my colleagues, partners, and the wider community, inspiring them to embrace the power of digital transformation and innovation.","Led enterprise Dynamics 365 strategy and architecture, delivering solutions that improved operational efficiency by up to 30% and reduced implementation timelines by 25%. Drove cloud adoption and modernization initiatives, enabling clients to scale globally and achieve measurable ROI within 12 months.",IT Services and IT Consulting,"Paris, Île-de-France, France","Utrecht, Utrecht, Netherlands",1 year 9 months in role,4 years 2 months in company,,,,,,2nd,https://media.licdn.com/dms/image/v2/D4E03AQE2324yfrmC4Q/profile-displayphoto-crop_800_800/B4EZ.Z5Fj6HMAI-/0/1784993307595?e=1790208000&v=beta&t=jdOC-MWxm1xslTlELdUlnJsUPep1pCo419Tx7dl9NPE,18,Peter Ruiter,ACwAAAEAYsQB-viOzlPBbej1nm6CobtBhpanS60,https://www.linkedin.com/in/ACwAAAEAYsQB-viOzlPBbej1nm6CobtBhpanS60/,TRUE,FALSE,https://www.linkedin.com/sales/search/people?query=(spellCorrectionEnabled%3Atrue%2CrecentSearchParam%3A(id%3A4517364857%2CdoLogHistory%3Atrue)%2Cfilters%3AList((type%3ACONNECTION_OF%2Cvalues%3AList((id%3AACwAAAn2NDEBGumkSP-qxyxZk6BvpJETw5-rZ9I%2Ctext%3ADr.%2520Kauan%2520von%2520Novack%2CselectionType%3AINCLUDED)))%2C(type%3ARELATIONSHIP%2Cvalues%3AList((id%3AF%2Ctext%3A1st%2520degree%2520connections%2CselectionType%3AINCLUDED)%2C(id%3AS%2Ctext%3A2nd%2520degree%2520connections%2CselectionType%3AINCLUDED)))%2C(type%3AREGION%2Cvalues%3AList((id%3A102890719%2Ctext%3ANetherlands%2CselectionType%3AINCLUDED)%2C(id%3A100364837%2Ctext%3APortugal%2CselectionType%3AINCLUDED)%2C(id%3A106057199%2Ctext%3ABrazil%2CselectionType%3AINCLUDED)%2C(id%3A101282230%2Ctext%3AGermany%2CselectionType%3AINCLUDED)%2C(id%3A105646813%2Ctext%3ASpain%2CselectionType%3AINCLUDED)))%2C(type%3ACOMPANY_HEADCOUNT%2Cvalues%3AList((id%3AE%2Ctext%3A201-500%2CselectionType%3AINCLUDED)%2C(id%3AF%2Ctext%3A501-1000%2CselectionType%3AINCLUDED)%2C(id%3AG%2Ctext%3A1001-5000%2CselectionType%3AINCLUDED)%2C(id%3AH%2Ctext%3A5001-10%252C000%2CselectionType%3AINCLUDED)%2C(id%3AI%2Ctext%3A10%252C000%252B%2CselectionType%3AINCLUDED)))%2C(type%3ASENIORITY_LEVEL%2Cvalues%3AList((id%3A320%2Ctext%3AOwner%2520%252F%2520Partner%2CselectionType%3AINCLUDED)%2C(id%3A310%2Ctext%3ACXO%2CselectionType%3AINCLUDED)%2C(id%3A300%2Ctext%3AVice%2520President%2CselectionType%3AINCLUDED))))%2Ckeywords%3Afounder%2520OR%2520co-founder%2520OR%2520CEO%2520OR%2520chief%2520executive%2520officer%2520OR%2520owner%2520OR%2520managing%2520partner%2520OR%2520managing%2520director%2520OR%2520president%2520OR%2520group%2520CEO%2520OR%2520chief%2520operating%2520officer%2520OR%2520COO%2520OR%2520VP%2520operations%2520OR%2520operations%2520director%2520OR%2520operating%2520partner%2520OR%2520transformation%2520director%2520OR%2520VP%2520strategy%2520AND%2520%2522private%2520equity%2522%2520OR%2520%2522value%2520creation%2522%2520OR%2520P%2526L%2520OR%2520%2522multi-site%2522%2520OR%2520manufacturing%2520OR%2520%2522lean%2520six%2520sigma%2522%2520OR%2520turnaround%2520OR%2520%2522digital%2520transformation%2522)&sessionId=y1e6DeygSXibJUSAfZ9aLA%3D%3D&viewAllFilters=true,2026-09-06T17:12:58.754Z,https://linkedin.com/in/peterruiter,573350508,Joey Moreau
"https://www.linkedin.com/sales/lead/ACwAAADxYz0B8RRIgNlkozAzW3DLC8Tol7g6fho,NAME_SEARCH,CU0G",Ralf Buehler,Ralf,Buehler,Conrad Electronic Group,Chief Executive Officer,527406,https://www.linkedin.com/sales/company/527406,https://www.linkedin.com/company/527406,"I am driven by transformation – not as a buzzword, but as a mindset. For over two decades, I’ve led businesses through real change globally, navigating complexity, building high-performing teams, and turning strategic ambition into tangible outcomes. What motivates me isn’t managing the status quo – it’s shaping what comes next.

Clarity is the thread running through everything I do. I believe progress doesn’t start with tools or slides – it starts with decisions. With the courage to say yes or no, to cut through complexity, and to keep moving forward, even when the path is unclear.

Today, I serve as CEO of Conrad Electronic, where we’re transforming a well-known German retail company into something fundamentally new: a European digital platform for professional procurement. My role is to make that transformation real – by building infrastructure that actually works, partnerships that last, and systems that reduce friction instead of creating more of it.

If Europe wants to stay industrially competitive, we can’t just adopt existing models – we need to build our own. That’s what drives me: using clarity, structure and strategic courage to help organizations move from change fatigue to real impact.",,Wholesale,"Hirschau, Bavaria, Germany",Greater Munich Metropolitan Area,5 years 9 months in role,7 years 5 months in company,Eurodis,https://www.linkedin.com/company/46393,Managing Director Germany,07/2001-12/2003,2 years 5 months,2nd,https://media.licdn.com/dms/image/v2/C4D03AQG1MP_ydSjiEw/profile-displayphoto-shrink_800_800/profile-displayphoto-shrink_800_800/0/1629976603634?e=1790208000&v=beta&t=GczcQzPEYOhqdZLCfIg4K0AcEdiq94_nmreCvtD-3DM,14,Ralf Buehler,ACwAAADxYz0B8RRIgNlkozAzW3DLC8Tol7g6fho,https://www.linkedin.com/in/ACwAAADxYz0B8RRIgNlkozAzW3DLC8Tol7g6fho/,TRUE,FALSE,https://www.linkedin.com/sales/search/people?query=(spellCorrectionEnabled%3Atrue%2CrecentSearchParam%3A(id%3A4517364857%2CdoLogHistory%3Atrue)%2Cfilters%3AList((type%3ACONNECTION_OF%2Cvalues%3AList((id%3AACwAAAn2NDEBGumkSP-qxyxZk6BvpJETw5-rZ9I%2Ctext%3ADr.%2520Kauan%2520von%2520Novack%2CselectionType%3AINCLUDED)))%2C(type%3ARELATIONSHIP%2Cvalues%3AList((id%3AF%2Ctext%3A1st%2520degree%2520connections%2CselectionType%3AINCLUDED)%2C(id%3AS%2Ctext%3A2nd%2520degree%2520connections%2CselectionType%3AINCLUDED)))%2C(type%3AREGION%2Cvalues%3AList((id%3A102890719%2Ctext%3ANetherlands%2CselectionType%3AINCLUDED)%2C(id%3A100364837%2Ctext%3APortugal%2CselectionType%3AINCLUDED)%2C(id%3A106057199%2Ctext%3ABrazil%2CselectionType%3AINCLUDED)%2C(id%3A101282230%2Ctext%3AGermany%2CselectionType%3AINCLUDED)%2C(id%3A105646813%2Ctext%3ASpain%2CselectionType%3AINCLUDED)))%2C(type%3ACOMPANY_HEADCOUNT%2Cvalues%3AList((id%3AE%2Ctext%3A201-500%2CselectionType%3AINCLUDED)%2C(id%3AF%2Ctext%3A501-1000%2CselectionType%3AINCLUDED)%2C(id%3AG%2Ctext%3A1001-5000%2CselectionType%3AINCLUDED)%2C(id%3AH%2Ctext%3A5001-10%252C000%2CselectionType%3AINCLUDED)%2C(id%3AI%2Ctext%3A10%252C000%252B%2CselectionType%3AINCLUDED)))%2C(type%3ASENIORITY_LEVEL%2Cvalues%3AList((id%3A320%2Ctext%3AOwner%2520%252F%2520Partner%2CselectionType%3AINCLUDED)%2C(id%3A310%2Ctext%3ACXO%2CselectionType%3AINCLUDED)%2C(id%3A300%2Ctext%3AVice%2520President%2CselectionType%3AINCLUDED))))%2Ckeywords%3Afounder%2520OR%2520co-founder%2520OR%2520CEO%2520OR%2520chief%2520executive%2520officer%2520OR%2520owner%2520OR%2520managing%2520partner%2520OR%2520managing%2520director%2520OR%2520president%2520OR%2520group%2520CEO%2520OR%2520chief%2520operating%2520officer%2520OR%2520COO%2520OR%2520VP%2520operations%2520OR%2520operations%2520director%2520OR%2520operating%2520partner%2520OR%2520transformation%2520director%2520OR%2520VP%2520strategy%2520AND%2520%2522private%2520equity%2522%2520OR%2520%2522value%2520creation%2522%2520OR%2520P%2526L%2520OR%2520%2522multi-site%2522%2520OR%2520manufacturing%2520OR%2520%2522lean%2520six%2520sigma%2522%2520OR%2520turnaround%2520OR%2520%2522digital%2520transformation%2522)&sessionId=y1e6DeygSXibJUSAfZ9aLA%3D%3D&viewAllFilters=true,2026-09-06T17:12:58.754Z,https://linkedin.com/in/ralf-buehler,573350508,Joey Moreau
"https://www.linkedin.com/sales/lead/ACwAAAHv4joBZsmqu7Nll9QIqQtEggV88tqxeSw,NAME_SEARCH,5uOB",Ricardo Dória,Ricardo,Dória,FUNPAR,Professor de Pós-Graduação,15861545,https://www.linkedin.com/sales/company/15861545,https://www.linkedin.com/company/15861545,"Ricardo Dória é empreendedor, fundador da Aldeia.cc. Estudou Inovação e Design Thinking na Universidade de Stanford, no Vale do Silício, atualmente realiza pesquisa de ph.D em Estratégia e Análise Organizacional, com foco em Teamwork, na UFPR e é Mestre em Administração.",,Facilities Services,"Curitiba, Paraná, Brazil",Brazil,2 years 2 months in role,2 years 2 months in company,,,,,,2nd,https://media.licdn.com/dms/image/v2/D4D03AQHDuevFVja-fQ/profile-displayphoto-crop_800_800/B4DZ3M6_LMHsAI-/0/1777259509906?e=1790208000&v=beta&t=Q-TIyd6KU7rDyosNroXuNh4pNqGW6ltg5BEO-gUdBPQ,3,Ricardo Dória,ACwAAAHv4joBZsmqu7Nll9QIqQtEggV88tqxeSw,https://www.linkedin.com/in/ACwAAAHv4joBZsmqu7Nll9QIqQtEggV88tqxeSw/,FALSE,FALSE,https://www.linkedin.com/sales/search/people?query=(spellCorrectionEnabled%3Atrue%2CrecentSearchParam%3A(id%3A4517364857%2CdoLogHistory%3Atrue)%2Cfilters%3AList((type%3ACONNECTION_OF%2Cvalues%3AList((id%3AACwAAAn2NDEBGumkSP-qxyxZk6BvpJETw5-rZ9I%2Ctext%3ADr.%2520Kauan%2520von%2520Novack%2CselectionType%3AINCLUDED)))%2C(type%3ARELATIONSHIP%2Cvalues%3AList((id%3AF%2Ctext%3A1st%2520degree%2520connections%2CselectionType%3AINCLUDED)%2C(id%3AS%2Ctext%3A2nd%2520degree%2520connections%2CselectionType%3AINCLUDED)))%2C(type%3AREGION%2Cvalues%3AList((id%3A102890719%2Ctext%3ANetherlands%2CselectionType%3AINCLUDED)%2C(id%3A100364837%2Ctext%3APortugal%2CselectionType%3AINCLUDED)%2C(id%3A106057199%2Ctext%3ABrazil%2CselectionType%3AINCLUDED)%2C(id%3A101282230%2Ctext%3AGermany%2CselectionType%3AINCLUDED)%2C(id%3A105646813%2Ctext%3ASpain%2CselectionType%3AINCLUDED)))%2C(type%3ACOMPANY_HEADCOUNT%2Cvalues%3AList((id%3AE%2Ctext%3A201-500%2CselectionType%3AINCLUDED)%2C(id%3AF%2Ctext%3A501-1000%2CselectionType%3AINCLUDED)%2C(id%3AG%2Ctext%3A1001-5000%2CselectionType%3AINCLUDED)%2C(id%3AH%2Ctext%3A5001-10%252C000%2CselectionType%3AINCLUDED)%2C(id%3AI%2Ctext%3A10%252C000%252B%2CselectionType%3AINCLUDED)))%2C(type%3ASENIORITY_LEVEL%2Cvalues%3AList((id%3A320%2Ctext%3AOwner%2520%252F%2520Partner%2CselectionType%3AINCLUDED)%2C(id%3A310%2Ctext%3ACXO%2CselectionType%3AINCLUDED)%2C(id%3A300%2Ctext%3AVice%2520President%2CselectionType%3AINCLUDED))))%2Ckeywords%3Afounder%2520OR%2520co-founder%2520OR%2520CEO%2520OR%2520chief%2520executive%2520officer%2520OR%2520owner%2520OR%2520managing%2520partner%2520OR%2520managing%2520director%2520OR%2520president%2520OR%2520group%2520CEO%2520OR%2520chief%2520operating%2520officer%2520OR%2520COO%2520OR%2520VP%2520operations%2520OR%2520operations%2520director%2520OR%2520operating%2520partner%2520OR%2520transformation%2520director%2520OR%2520VP%2520strategy%2520AND%2520%2522private%2520equity%2522%2520OR%2520%2522value%2520creation%2522%2520OR%2520P%2526L%2520OR%2520%2522multi-site%2522%2520OR%2520manufacturing%2520OR%2520%2522lean%2520six%2520sigma%2522%2520OR%2520turnaround%2520OR%2520%2522digital%2520transformation%2522)&sessionId=y1e6DeygSXibJUSAfZ9aLA%3D%3D&viewAllFilters=true,2026-09-06T17:12:58.754Z,https://linkedin.com/in/ridoria,573350508,Joey Moreau
"https://www.linkedin.com/sales/lead/ACwAAABoQ4MBqg26keaGbGezL9qJlEplr9IvQgw,NAME_SEARCH,bDu8",Sietze Jongman,Sietze,Jongman,Philips,"VP, R&D Leader Grooming & Beauty",1090,https://www.linkedin.com/sales/company/1090,https://www.linkedin.com/company/1090,"-  Strong trackrecord in the development and commercializaton of emerging technologies
-  Vast experience in setting up large multidisciplinary international teams.
-  Responsible for setting-up and executing NXP's SSL-Business for the mobile                              handset market.
-  Responsible for the development and launch of worlds' first PolyLED matrix-display  
-  Very driven and focused, results oriented; proven ability to set and achieve stretching results 
- Valuable combination of business and technological skills",,Hospitals and Health Care,"Amsterdam, North Holland, Netherlands","Helmond, North Brabant, Netherlands",5 years 4 months in role,5 years 4 months in company,Zumtobel Group,https://www.linkedin.com/company/57527,SVP Development Zumtobel Group,05/2016-08/2018,2 years 3 months,2nd,https://media.licdn.com/dms/image/v2/C5603AQEH6DJ__bnawA/profile-displayphoto-shrink_800_800/profile-displayphoto-shrink_800_800/0/1516260144739?e=1790208000&v=beta&t=jAzrecjtUIVXM26a-leFWunV9svYz2oTouf5Nu0Zyvg,11,Sietze Jongman,ACwAAABoQ4MBqg26keaGbGezL9qJlEplr9IvQgw,https://www.linkedin.com/in/ACwAAABoQ4MBqg26keaGbGezL9qJlEplr9IvQgw/,FALSE,FALSE,https://www.linkedin.com/sales/search/people?query=(spellCorrectionEnabled%3Atrue%2CrecentSearchParam%3A(id%3A4517364857%2CdoLogHistory%3Atrue)%2Cfilters%3AList((type%3ACONNECTION_OF%2Cvalues%3AList((id%3AACwAAAn2NDEBGumkSP-qxyxZk6BvpJETw5-rZ9I%2Ctext%3ADr.%2520Kauan%2520von%2520Novack%2CselectionType%3AINCLUDED)))%2C(type%3ARELATIONSHIP%2Cvalues%3AList((id%3AF%2Ctext%3A1st%2520degree%2520connections%2CselectionType%3AINCLUDED)%2C(id%3AS%2Ctext%3A2nd%2520degree%2520connections%2CselectionType%3AINCLUDED)))%2C(type%3AREGION%2Cvalues%3AList((id%3A102890719%2Ctext%3ANetherlands%2CselectionType%3AINCLUDED)%2C(id%3A100364837%2Ctext%3APortugal%2CselectionType%3AINCLUDED)%2C(id%3A106057199%2Ctext%3ABrazil%2CselectionType%3AINCLUDED)%2C(id%3A101282230%2Ctext%3AGermany%2CselectionType%3AINCLUDED)%2C(id%3A105646813%2Ctext%3ASpain%2CselectionType%3AINCLUDED)))%2C(type%3ACOMPANY_HEADCOUNT%2Cvalues%3AList((id%3AE%2Ctext%3A201-500%2CselectionType%3AINCLUDED)%2C(id%3AF%2Ctext%3A501-1000%2CselectionType%3AINCLUDED)%2C(id%3AG%2Ctext%3A1001-5000%2CselectionType%3AINCLUDED)%2C(id%3AH%2Ctext%3A5001-10%252C000%2CselectionType%3AINCLUDED)%2C(id%3AI%2Ctext%3A10%252C000%252B%2CselectionType%3AINCLUDED)))%2C(type%3ASENIORITY_LEVEL%2Cvalues%3AList((id%3A320%2Ctext%3AOwner%2520%252F%2520Partner%2CselectionType%3AINCLUDED)%2C(id%3A310%2Ctext%3ACXO%2CselectionType%3AINCLUDED)%2C(id%3A300%2Ctext%3AVice%2520President%2CselectionType%3AINCLUDED))))%2Ckeywords%3Afounder%2520OR%2520co-founder%2520OR%2520CEO%2520OR%2520chief%2520executive%2520officer%2520OR%2520owner%2520OR%2520managing%2520partner%2520OR%2520managing%2520director%2520OR%2520president%2520OR%2520group%2520CEO%2520OR%2520chief%2520operating%2520officer%2520OR%2520COO%2520OR%2520VP%2520operations%2520OR%2520operations%2520director%2520OR%2520operating%2520partner%2520OR%2520transformation%2520director%2520OR%2520VP%2520strategy%2520AND%2520%2522private%2520equity%2522%2520OR%2520%2522value%2520creation%2522%2520OR%2520P%2526L%2520OR%2520%2522multi-site%2522%2520OR%2520manufacturing%2520OR%2520%2522lean%2520six%2520sigma%2522%2520OR%2520turnaround%2520OR%2520%2522digital%2520transformation%2522)&sessionId=y1e6DeygSXibJUSAfZ9aLA%3D%3D&viewAllFilters=true,2026-09-06T17:12:58.754Z,https://linkedin.com/in/sietzejongman,573350508,Joey Moreau
"https://www.linkedin.com/sales/lead/ACwAAABjY40BIuWGvX2Oq6U3EKg3s6Eu1s8aYVQ,NAME_SEARCH,v1BS",Remco Vlemmix,Remco,Vlemmix,Top of Minds,Partner,374784,https://www.linkedin.com/sales/company/374784,https://www.linkedin.com/company/374784,,"Top of Minds is a pan-European Executive Search firm helping companies find the new leaders this new era demands. With a team of 80 professionals across Amsterdam, Rotterdam, Frankfurt, and Madrid, we cover virtually every functional specialism — so our clients always work with a dedicated expert who knows their field inside out.",Staffing and Recruiting,"Amsterdam, North Holland, Netherlands","The Randstad, Netherlands",1 year 10 months in role,1 year 10 months in company,Staffyou,https://www.linkedin.com/company/10943967,Chief Operating Officer,06/2023-12/2024,1 year 6 months,1st,https://media.licdn.com/dms/image/v2/D4E03AQGZR030hd1mJQ/profile-displayphoto-shrink_800_800/B4EZO1UZVlHEAc-/0/1733913843528?e=1790208000&v=beta&t=v5vnvUaLr7WM6md1YuTL2-6l5-MLStnvbAZqlcHwUYw,87,Remco Vlemmix,ACwAAABjY40BIuWGvX2Oq6U3EKg3s6Eu1s8aYVQ,https://www.linkedin.com/in/ACwAAABjY40BIuWGvX2Oq6U3EKg3s6Eu1s8aYVQ/,FALSE,FALSE,https://www.linkedin.com/sales/search/people?query=(spellCorrectionEnabled%3Atrue%2CrecentSearchParam%3A(id%3A4517364857%2CdoLogHistory%3Atrue)%2Cfilters%3AList((type%3ACONNECTION_OF%2Cvalues%3AList((id%3AACwAAAn2NDEBGumkSP-qxyxZk6BvpJETw5-rZ9I%2Ctext%3ADr.%2520Kauan%2520von%2520Novack%2CselectionType%3AINCLUDED)))%2C(type%3ARELATIONSHIP%2Cvalues%3AList((id%3AF%2Ctext%3A1st%2520degree%2520connections%2CselectionType%3AINCLUDED)%2C(id%3AS%2Ctext%3A2nd%2520degree%2520connections%2CselectionType%3AINCLUDED)))%2C(type%3AREGION%2Cvalues%3AList((id%3A102890719%2Ctext%3ANetherlands%2CselectionType%3AINCLUDED)%2C(id%3A100364837%2Ctext%3APortugal%2CselectionType%3AINCLUDED)%2C(id%3A106057199%2Ctext%3ABrazil%2CselectionType%3AINCLUDED)%2C(id%3A101282230%2Ctext%3AGermany%2CselectionType%3AINCLUDED)%2C(id%3A105646813%2Ctext%3ASpain%2CselectionType%3AINCLUDED)))%2C(type%3ACOMPANY_HEADCOUNT%2Cvalues%3AList((id%3AE%2Ctext%3A201-500%2CselectionType%3AINCLUDED)%2C(id%3AF%2Ctext%3A501-1000%2CselectionType%3AINCLUDED)%2C(id%3AG%2Ctext%3A1001-5000%2CselectionType%3AINCLUDED)%2C(id%3AH%2Ctext%3A5001-10%252C000%2CselectionType%3AINCLUDED)%2C(id%3AI%2Ctext%3A10%252C000%252B%2CselectionType%3AINCLUDED)))%2C(type%3ASENIORITY_LEVEL%2Cvalues%3AList((id%3A320%2Ctext%3AOwner%2520%252F%2520Partner%2CselectionType%3AINCLUDED)%2C(id%3A310%2Ctext%3ACXO%2CselectionType%3AINCLUDED)%2C(id%3A300%2Ctext%3AVice%2520President%2CselectionType%3AINCLUDED))))%2Ckeywords%3Afounder%2520OR%2520co-founder%2520OR%2520CEO%2520OR%2520chief%2520executive%2520officer%2520OR%2520owner%2520OR%2520managing%2520partner%2520OR%2520managing%2520director%2520OR%2520president%2520OR%2520group%2520CEO%2520OR%2520chief%2520operating%2520officer%2520OR%2520COO%2520OR%2520VP%2520operations%2520OR%2520operations%2520director%2520OR%2520operating%2520partner%2520OR%2520transformation%2520director%2520OR%2520VP%2520strategy%2520AND%2520%2522private%2520equity%2522%2520OR%2520%2522value%2520creation%2522%2520OR%2520P%2526L%2520OR%2520%2522multi-site%2522%2520OR%2520manufacturing%2520OR%2520%2522lean%2520six%2520sigma%2522%2520OR%2520turnaround%2520OR%2520%2522digital%2520transformation%2522)&sessionId=y1e6DeygSXibJUSAfZ9aLA%3D%3D&viewAllFilters=true,2026-09-06T17:12:58.754Z,https://linkedin.com/in/remcovlemmix,573350508,Joey Moreau
"https://www.linkedin.com/sales/lead/ACwAAAAShBMBXrN_onBXLIf8R8Xpp4C9FzY2PO4,NAME_SEARCH,nalO",Bertwin Bonenberg,Bertwin,Bonenberg,Frabebo bv,Capaciteitsmanagement | Investeerder | Toezichthouder,,,,"in de rol van programma manager, interim manager of expert

Toepassing:
Integraal capaciteitsmanagement ICM
Integraal productiemanagement IPM
Interim adviseur capaciteitsmanagement
Horizontaal sturen
Procesgericht Organiseren

voor non-profit organisaties

Specialties: Analyse, Workshop host, proces control, proces (re)design, capacity management",Capaciteitsmanagement in de zorg,,,Greater Enschede Area,30 years 2 months in role,30 years 2 months in company,Loadstar BV,,Co-owner,04/2014-12/2020,6 years 8 months,2nd,https://media.licdn.com/dms/image/v2/D4E03AQElZudBASFAFg/profile-displayphoto-shrink_800_800/profile-displayphoto-shrink_800_800/0/1683564511282?e=1790208000&v=beta&t=Sdc3TW11TaoAGqQEjKg_mVl2srqdT-TGd-B4d6F868o,13,Bertwin Bonenberg,ACwAAAAShBMBXrN_onBXLIf8R8Xpp4C9FzY2PO4,https://www.linkedin.com/in/ACwAAAAShBMBXrN_onBXLIf8R8Xpp4C9FzY2PO4/,FALSE,FALSE,https://www.linkedin.com/sales/search/people?query=(spellCorrectionEnabled%3Atrue%2CrecentSearchParam%3A(id%3A4517364857%2CdoLogHistory%3Atrue)%2Cfilters%3AList((type%3ACONNECTION_OF%2Cvalues%3AList((id%3AACwAAAn2NDEBGumkSP-qxyxZk6BvpJETw5-rZ9I%2Ctext%3ADr.%2520Kauan%2520von%2520Novack%2CselectionType%3AINCLUDED)))%2C(type%3ARELATIONSHIP%2Cvalues%3AList((id%3AF%2Ctext%3A1st%2520degree%2520connections%2CselectionType%3AINCLUDED)%2C(id%3AS%2Ctext%3A2nd%2520degree%2520connections%2CselectionType%3AINCLUDED)))%2C(type%3AREGION%2Cvalues%3AList((id%3A102890719%2Ctext%3ANetherlands%2CselectionType%3AINCLUDED)%2C(id%3A100364837%2Ctext%3APortugal%2CselectionType%3AINCLUDED)%2C(id%3A106057199%2Ctext%3ABrazil%2CselectionType%3AINCLUDED)%2C(id%3A101282230%2Ctext%3AGermany%2CselectionType%3AINCLUDED)%2C(id%3A105646813%2Ctext%3ASpain%2CselectionType%3AINCLUDED)))%2C(type%3ACOMPANY_HEADCOUNT%2Cvalues%3AList((id%3AE%2Ctext%3A201-500%2CselectionType%3AINCLUDED)%2C(id%3AF%2Ctext%3A501-1000%2CselectionType%3AINCLUDED)%2C(id%3AG%2Ctext%3A1001-5000%2CselectionType%3AINCLUDED)%2C(id%3AH%2Ctext%3A5001-10%252C000%2CselectionType%3AINCLUDED)%2C(id%3AI%2Ctext%3A10%252C000%252B%2CselectionType%3AINCLUDED)))%2C(type%3ASENIORITY_LEVEL%2Cvalues%3AList((id%3A320%2Ctext%3AOwner%2520%252F%2520Partner%2CselectionType%3AINCLUDED)%2C(id%3A310%2Ctext%3ACXO%2CselectionType%3AINCLUDED)%2C(id%3A300%2Ctext%3AVice%2520President%2CselectionType%3AINCLUDED))))%2Ckeywords%3Afounder%2520OR%2520co-founder%2520OR%2520CEO%2520OR%2520chief%2520executive%2520officer%2520OR%2520owner%2520OR%2520managing%2520partner%2520OR%2520managing%2520director%2520OR%2520president%2520OR%2520group%2520CEO%2520OR%2520chief%2520operating%2520officer%2520OR%2520COO%2520OR%2520VP%2520operations%2520OR%2520operations%2520director%2520OR%2520operating%2520partner%2520OR%2520transformation%2520director%2520OR%2520VP%2520strategy%2520AND%2520%2522private%2520equity%2522%2520OR%2520%2522value%2520creation%2522%2520OR%2520P%2526L%2520OR%2520%2522multi-site%2522%2520OR%2520manufacturing%2520OR%2520%2522lean%2520six%2520sigma%2522%2520OR%2520turnaround%2520OR%2520%2522digital%2520transformation%2522)&sessionId=y1e6DeygSXibJUSAfZ9aLA%3D%3D&viewAllFilters=true,2026-09-06T17:12:58.754Z,https://linkedin.com/in/bertwin-bonenberg-2974a6,573350508,Joey Moreau
"https://www.linkedin.com/sales/lead/ACwAAAKIhoQB6AHcPdzP4dRItcRODbgDuR-iMjI,NAME_SEARCH,9Zyt",David Dwinger,David,Dwinger,ENCORE-IT BV,Founder,,,,"Leading ve2ventures, a venture-building studio, I focus on building innovative tech ventures within the sports and media sector. I also have a great passion for football, which has led me to co-found the first-ever horizontal multi-club ownership, Estrella Football Group.

My entrepreneurial spirit and passion for technology have also led me to establish JOGO, a pioneering AI-driven platform that is reshaping youth football talent development through advanced machine vision and sensor technologies. This innovative approach garnered significant attention, leading to its acquisition by 433, the world’s largest football community, in December 2021.

Prior to these ventures, I amassed experience working with some of the world’s leading enterprises, including HP, RBS, ABN AMRO, Canon, and Schiphol Airport. 

I am deeply passionate about connecting with other founders, entrepreneurs, and investors, always looking to broaden my network and engage in meaningful collaborations. On LinkedIn, I share my insights and strategies through weekly deep-dives and daily musings, focusing on the dynamic intersections of sports, media, and entertainment.",IT service Delivery,,,Amsterdam Area,15 years 1 month in role,15 years 1 month in company,,,,,,1st,https://media.licdn.com/dms/image/v2/D4E03AQETq3gAd-BmZA/profile-displayphoto-shrink_800_800/profile-displayphoto-shrink_800_800/0/1719899376594?e=1790208000&v=beta&t=AfXVu4n0s7lIQrCbfJxZ46Pdgnd8LOcUSgS9UtqZTjs,500,David Dwinger,ACwAAAKIhoQB6AHcPdzP4dRItcRODbgDuR-iMjI,https://www.linkedin.com/in/ACwAAAKIhoQB6AHcPdzP4dRItcRODbgDuR-iMjI/,TRUE,FALSE,https://www.linkedin.com/sales/search/people?query=(spellCorrectionEnabled%3Atrue%2CrecentSearchParam%3A(id%3A4517364857%2CdoLogHistory%3Atrue)%2Cfilters%3AList((type%3ACONNECTION_OF%2Cvalues%3AList((id%3AACwAAAn2NDEBGumkSP-qxyxZk6BvpJETw5-rZ9I%2Ctext%3ADr.%2520Kauan%2520von%2520Novack%2CselectionType%3AINCLUDED)))%2C(type%3ARELATIONSHIP%2Cvalues%3AList((id%3AF%2Ctext%3A1st%2520degree%2520connections%2CselectionType%3AINCLUDED)%2C(id%3AS%2Ctext%3A2nd%2520degree%2520connections%2CselectionType%3AINCLUDED)))%2C(type%3AREGION%2Cvalues%3AList((id%3A102890719%2Ctext%3ANetherlands%2CselectionType%3AINCLUDED)%2C(id%3A100364837%2Ctext%3APortugal%2CselectionType%3AINCLUDED)%2C(id%3A106057199%2Ctext%3ABrazil%2CselectionType%3AINCLUDED)%2C(id%3A101282230%2Ctext%3AGermany%2CselectionType%3AINCLUDED)%2C(id%3A105646813%2Ctext%3ASpain%2CselectionType%3AINCLUDED)))%2C(type%3ACOMPANY_HEADCOUNT%2Cvalues%3AList((id%3AE%2Ctext%3A201-500%2CselectionType%3AINCLUDED)%2C(id%3AF%2Ctext%3A501-1000%2CselectionType%3AINCLUDED)%2C(id%3AG%2Ctext%3A1001-5000%2CselectionType%3AINCLUDED)%2C(id%3AH%2Ctext%3A5001-10%252C000%2CselectionType%3AINCLUDED)%2C(id%3AI%2Ctext%3A10%252C000%252B%2CselectionType%3AINCLUDED)))%2C(type%3ASENIORITY_LEVEL%2Cvalues%3AList((id%3A320%2Ctext%3AOwner%2520%252F%2520Partner%2CselectionType%3AINCLUDED)%2C(id%3A310%2Ctext%3ACXO%2CselectionType%3AINCLUDED)%2C(id%3A300%2Ctext%3AVice%2520President%2CselectionType%3AINCLUDED))))%2Ckeywords%3Afounder%2520OR%2520co-founder%2520OR%2520CEO%2520OR%2520chief%2520executive%2520officer%2520OR%2520owner%2520OR%2520managing%2520partner%2520OR%2520managing%2520director%2520OR%2520president%2520OR%2520group%2520CEO%2520OR%2520chief%2520operating%2520officer%2520OR%2520COO%2520OR%2520VP%2520operations%2520OR%2520operations%2520director%2520OR%2520operating%2520partner%2520OR%2520transformation%2520director%2520OR%2520VP%2520strategy%2520AND%2520%2522private%2520equity%2522%2520OR%2520%2522value%2520creation%2522%2520OR%2520P%2526L%2520OR%2520%2522multi-site%2522%2520OR%2520manufacturing%2520OR%2520%2522lean%2520six%2520sigma%2522%2520OR%2520turnaround%2520OR%2520%2522digital%2520transformation%2522)&sessionId=y1e6DeygSXibJUSAfZ9aLA%3D%3D&viewAllFilters=true,2026-09-06T17:12:58.754Z,https://linkedin.com/in/david-dwinger,573350508,Joey Moreau
"https://www.linkedin.com/sales/lead/ACwAAAGMRZ8BUoCfeiTXPSc-SHkcxNbRIuiXwqE,NAME_SEARCH,CAZ7",Paulo Pinho,Paulo,Pinho,Astro-Lab.AI,Partner & Venture Architect,106311242,https://www.linkedin.com/sales/company/106311242,https://www.linkedin.com/company/106311242,Entrepreneur | Investor | Venture Architect,AI Experimental Laboratory,IT Services and IT Consulting,"Lisbon, Lisbon, Portugal","Lisbon, Lisbon, Portugal",1 year 9 months in role,1 year 9 months in company,,,,,,2nd,https://media.licdn.com/dms/image/v2/D4D03AQEtU01CSa7NTw/profile-displayphoto-shrink_800_800/B4DZc1ykXpGwAc-/0/1748954138641?e=1790208000&v=beta&t=bTQZgyQ9B3o2iwAGvly401POe3_xMokjCTtnpjnJgE4,49,Paulo Pinho,ACwAAAGMRZ8BUoCfeiTXPSc-SHkcxNbRIuiXwqE,https://www.linkedin.com/in/ACwAAAGMRZ8BUoCfeiTXPSc-SHkcxNbRIuiXwqE/,TRUE,FALSE,https://www.linkedin.com/sales/search/people?query=(spellCorrectionEnabled%3Atrue%2CrecentSearchParam%3A(id%3A4517364857%2CdoLogHistory%3Atrue)%2Cfilters%3AList((type%3ACONNECTION_OF%2Cvalues%3AList((id%3AACwAAAn2NDEBGumkSP-qxyxZk6BvpJETw5-rZ9I%2Ctext%3ADr.%2520Kauan%2520von%2520Novack%2CselectionType%3AINCLUDED)))%2C(type%3ARELATIONSHIP%2Cvalues%3AList((id%3AF%2Ctext%3A1st%2520degree%2520connections%2CselectionType%3AINCLUDED)%2C(id%3AS%2Ctext%3A2nd%2520degree%2520connections%2CselectionType%3AINCLUDED)))%2C(type%3AREGION%2Cvalues%3AList((id%3A102890719%2Ctext%3ANetherlands%2CselectionType%3AINCLUDED)%2C(id%3A100364837%2Ctext%3APortugal%2CselectionType%3AINCLUDED)%2C(id%3A106057199%2Ctext%3ABrazil%2CselectionType%3AINCLUDED)%2C(id%3A101282230%2Ctext%3AGermany%2CselectionType%3AINCLUDED)%2C(id%3A105646813%2Ctext%3ASpain%2CselectionType%3AINCLUDED)))%2C(type%3ACOMPANY_HEADCOUNT%2Cvalues%3AList((id%3AE%2Ctext%3A201-500%2CselectionType%3AINCLUDED)%2C(id%3AF%2Ctext%3A501-1000%2CselectionType%3AINCLUDED)%2C(id%3AG%2Ctext%3A1001-5000%2CselectionType%3AINCLUDED)%2C(id%3AH%2Ctext%3A5001-10%252C000%2CselectionType%3AINCLUDED)%2C(id%3AI%2Ctext%3A10%252C000%252B%2CselectionType%3AINCLUDED)))%2C(type%3ASENIORITY_LEVEL%2Cvalues%3AList((id%3A320%2Ctext%3AOwner%2520%252F%2520Partner%2CselectionType%3AINCLUDED)%2C(id%3A310%2Ctext%3ACXO%2CselectionType%3AINCLUDED)%2C(id%3A300%2Ctext%3AVice%2520President%2CselectionType%3AINCLUDED))))%2Ckeywords%3Afounder%2520OR%2520co-founder%2520OR%2520CEO%2520OR%2520chief%2520executive%2520officer%2520OR%2520owner%2520OR%2520managing%2520partner%2520OR%2520managing%2520director%2520OR%2520president%2520OR%2520group%2520CEO%2520OR%2520chief%2520operating%2520officer%2520OR%2520COO%2520OR%2520VP%2520operations%2520OR%2520operations%2520director%2520OR%2520operating%2520partner%2520OR%2520transformation%2520director%2520OR%2520VP%2520strategy%2520AND%2520%2522private%2520equity%2522%2520OR%2520%2522value%2520creation%2522%2520OR%2520P%2526L%2520OR%2520%2522multi-site%2522%2520OR%2520manufacturing%2520OR%2520%2522lean%2520six%2520sigma%2522%2520OR%2520turnaround%2520OR%2520%2522digital%2520transformation%2522)&sessionId=y1e6DeygSXibJUSAfZ9aLA%3D%3D&viewAllFilters=true,2026-09-06T17:12:58.754Z,https://linkedin.com/in/paulopinho,573350508,Joey Moreau
"https://www.linkedin.com/sales/lead/ACwAAABaBEIBHUlKTL3LnaHWxoXi7TLZBj-wjUo,NAME_SEARCH,_rAn",Christian Bosman,Christian,Bosman,palside,Founder & CTO,111956079,https://www.linkedin.com/sales/company/111956079,https://www.linkedin.com/company/111956079,"I didn't study AI, I built it. That difference shapes everything I do. For 30 years I've been building software and companies, and in recent years entirely around AI. No theory or slides, just working products running in production. That's why I know from experience what AI can and can't do, and I can test teams' choices instead of trusting them blindly. Two areas where I'm an expert: Conversational AI. I build AI employees that handle customer contact on their own, across phone, WhatsApp and chat, in natural Dutch. Voice is at the core, because that's where the real conversation happens. Modern app development with AI. I design and build multi-tenant SaaS where AI isn't a feature but the foundation: from real-time speech and semantic search to event-driven orchestration. Umbrella (the platform behind palside) and Monkey Lab (AI video production) are examples of this. My background gives the context: the first fully cloud-based MSP in the Netherlands, two successful exits (2020 and 2024), and years as an interim IT executive automating processes and migrating entire infrastructures. In short: I'm the practitioner you bring in when you want to know what's really possible with AI, and how to build it.","AI agent platform for SMEs: voice, chat and email agents doing real work via phone, WhatsApp and email. The platform is production-ready with paying partners and is being handed over to its own team; my role is shifting to strategically involved founder.","Technology, Information and Internet",,Netherlands,6 months in role,6 months in company,Kings of IT,,Founder & Owner,2020-2024,4 years,2nd,https://media.licdn.com/dms/image/v2/D4E03AQHa-TIsJ3G0Bg/profile-displayphoto-crop_800_800/B4EZ9RivyBH8AI-/0/1783779494056?e=1790208000&v=beta&t=bnB-lSqOiwmRSaTPep4KMBD-sRnvwF8t4xdf2dgg01Y,339,Christian Bosman,ACwAAABaBEIBHUlKTL3LnaHWxoXi7TLZBj-wjUo,https://www.linkedin.com/in/ACwAAABaBEIBHUlKTL3LnaHWxoXi7TLZBj-wjUo/,TRUE,FALSE,https://www.linkedin.com/sales/search/people?query=(spellCorrectionEnabled%3Atrue%2CrecentSearchParam%3A(id%3A4517364857%2CdoLogHistory%3Atrue)%2Cfilters%3AList((type%3ACONNECTION_OF%2Cvalues%3AList((id%3AACwAAAn2NDEBGumkSP-qxyxZk6BvpJETw5-rZ9I%2Ctext%3ADr.%2520Kauan%2520von%2520Novack%2CselectionType%3AINCLUDED)))%2C(type%3ARELATIONSHIP%2Cvalues%3AList((id%3AF%2Ctext%3A1st%2520degree%2520connections%2CselectionType%3AINCLUDED)%2C(id%3AS%2Ctext%3A2nd%2520degree%2520connections%2CselectionType%3AINCLUDED)))%2C(type%3AREGION%2Cvalues%3AList((id%3A102890719%2Ctext%3ANetherlands%2CselectionType%3AINCLUDED)%2C(id%3A100364837%2Ctext%3APortugal%2CselectionType%3AINCLUDED)%2C(id%3A106057199%2Ctext%3ABrazil%2CselectionType%3AINCLUDED)%2C(id%3A101282230%2Ctext%3AGermany%2CselectionType%3AINCLUDED)%2C(id%3A105646813%2Ctext%3ASpain%2CselectionType%3AINCLUDED)))%2C(type%3ACOMPANY_HEADCOUNT%2Cvalues%3AList((id%3AE%2Ctext%3A201-500%2CselectionType%3AINCLUDED)%2C(id%3AF%2Ctext%3A501-1000%2CselectionType%3AINCLUDED)%2C(id%3AG%2Ctext%3A1001-5000%2CselectionType%3AINCLUDED)%2C(id%3AH%2Ctext%3A5001-10%252C000%2CselectionType%3AINCLUDED)%2C(id%3AI%2Ctext%3A10%252C000%252B%2CselectionType%3AINCLUDED)))%2C(type%3ASENIORITY_LEVEL%2Cvalues%3AList((id%3A320%2Ctext%3AOwner%2520%252F%2520Partner%2CselectionType%3AINCLUDED)%2C(id%3A310%2Ctext%3ACXO%2CselectionType%3AINCLUDED)%2C(id%3A300%2Ctext%3AVice%2520President%2CselectionType%3AINCLUDED))))%2Ckeywords%3Afounder%2520OR%2520co-founder%2520OR%2520CEO%2520OR%2520chief%2520executive%2520officer%2520OR%2520owner%2520OR%2520managing%2520partner%2520OR%2520managing%2520director%2520OR%2520president%2520OR%2520group%2520CEO%2520OR%2520chief%2520operating%2520officer%2520OR%2520COO%2520OR%2520VP%2520operations%2520OR%2520operations%2520director%2520OR%2520operating%2520partner%2520OR%2520transformation%2520director%2520OR%2520VP%2520strategy%2520AND%2520%2522private%2520equity%2522%2520OR%2520%2522value%2520creation%2522%2520OR%2520P%2526L%2520OR%2520%2522multi-site%2522%2520OR%2520manufacturing%2520OR%2520%2522lean%2520six%2520sigma%2522%2520OR%2520turnaround%2520OR%2520%2522digital%2520transformation%2522)&sessionId=y1e6DeygSXibJUSAfZ9aLA%3D%3D&viewAllFilters=true,2026-09-06T17:12:58.754Z,https://linkedin.com/in/cbosman,573350508,Joey Moreau
"https://www.linkedin.com/sales/lead/ACwAAADM5O0BTqEk0ikNQ-0cQ1Sm74_kIwwwyzE,NAME_SEARCH,VurM",Marina Miranda 玛丽娜,Marina,Miranda 玛丽娜,CECPS,Department of Public Relations -Senior Manager,110223693,https://www.linkedin.com/sales/company/110223693,https://www.linkedin.com/company/110223693,"I'm a China specialist, institutional director of IEST Group and CECPS (The Center for Economic and Commercial Services between China and Portuguese and Spanish-speaking Countries). Ambassador for Beyond Expo-Macau and columnist for CKGSB.I have been Institutional Director at IEST Group since April 2022, connecting the Brazilian and Chinese markets, with a focus on international trade, startups, and innovation. I collaborate on strategic initiatives, such as the partnership between APEX Brasil and Alibaba, to boost Brazilian exports on the largest global B2B platform.  With over seven years of experience as co-founder of Rethink Business, I also develop open innovation projects and support entrepreneurs in their internationalization journeys. My goal is to strengthen startup ecosystems and promote integration between global markets, always focusing on innovation, business development, and strategic partnerships.",,Non-profit Organizations,"Guangdong, China","São Paulo, Brazil",7 months in role,7 months in company,Crowd Envisioning,,Founder - Managing Director,01/2010-2018,8 years,2nd,https://media.licdn.com/dms/image/v2/D4D03AQFIUH73RZeEVQ/profile-displayphoto-crop_800_800/B4DZ3CVVvXIYAI-/0/1777081871260?e=1790208000&v=beta&t=ObNdpMvWJwLOKKqHjAzpBMUpeSRXoRM346TZ1OoCFSM,8,Marina Miranda 玛丽娜,ACwAAADM5O0BTqEk0ikNQ-0cQ1Sm74_kIwwwyzE,https://www.linkedin.com/in/ACwAAADM5O0BTqEk0ikNQ-0cQ1Sm74_kIwwwyzE/,FALSE,FALSE,https://www.linkedin.com/sales/search/people?query=(spellCorrectionEnabled%3Atrue%2CrecentSearchParam%3A(id%3A4517364857%2CdoLogHistory%3Atrue)%2Cfilters%3AList((type%3ACONNECTION_OF%2Cvalues%3AList((id%3AACwAAAn2NDEBGumkSP-qxyxZk6BvpJETw5-rZ9I%2Ctext%3ADr.%2520Kauan%2520von%2520Novack%2CselectionType%3AINCLUDED)))%2C(type%3ARELATIONSHIP%2Cvalues%3AList((id%3AF%2Ctext%3A1st%2520degree%2520connections%2CselectionType%3AINCLUDED)%2C(id%3AS%2Ctext%3A2nd%2520degree%2520connections%2CselectionType%3AINCLUDED)))%2C(type%3AREGION%2Cvalues%3AList((id%3A102890719%2Ctext%3ANetherlands%2CselectionType%3AINCLUDED)%2C(id%3A100364837%2Ctext%3APortugal%2CselectionType%3AINCLUDED)%2C(id%3A106057199%2Ctext%3ABrazil%2CselectionType%3AINCLUDED)%2C(id%3A101282230%2Ctext%3AGermany%2CselectionType%3AINCLUDED)%2C(id%3A105646813%2Ctext%3ASpain%2CselectionType%3AINCLUDED)))%2C(type%3ACOMPANY_HEADCOUNT%2Cvalues%3AList((id%3AE%2Ctext%3A201-500%2CselectionType%3AINCLUDED)%2C(id%3AF%2Ctext%3A501-1000%2CselectionType%3AINCLUDED)%2C(id%3AG%2Ctext%3A1001-5000%2CselectionType%3AINCLUDED)%2C(id%3AH%2Ctext%3A5001-10%252C000%2CselectionType%3AINCLUDED)%2C(id%3AI%2Ctext%3A10%252C000%252B%2CselectionType%3AINCLUDED)))%2C(type%3ASENIORITY_LEVEL%2Cvalues%3AList((id%3A320%2Ctext%3AOwner%2520%252F%2520Partner%2CselectionType%3AINCLUDED)%2C(id%3A310%2Ctext%3ACXO%2CselectionType%3AINCLUDED)%2C(id%3A300%2Ctext%3AVice%2520President%2CselectionType%3AINCLUDED))))%2Ckeywords%3Afounder%2520OR%2520co-founder%2520OR%2520CEO%2520OR%2520chief%2520executive%2520officer%2520OR%2520owner%2520OR%2520managing%2520partner%2520OR%2520managing%2520director%2520OR%2520president%2520OR%2520group%2520CEO%2520OR%2520chief%2520operating%2520officer%2520OR%2520COO%2520OR%2520VP%2520operations%2520OR%2520operations%2520director%2520OR%2520operating%2520partner%2520OR%2520transformation%2520director%2520OR%2520VP%2520strategy%2520AND%2520%2522private%2520equity%2522%2520OR%2520%2522value%2520creation%2522%2520OR%2520P%2526L%2520OR%2520%2522multi-site%2522%2520OR%2520manufacturing%2520OR%2520%2522lean%2520six%2520sigma%2522%2520OR%2520turnaround%2520OR%2520%2522digital%2520transformation%2522)&sessionId=y1e6DeygSXibJUSAfZ9aLA%3D%3D&viewAllFilters=true,2026-09-06T17:12:58.754Z,https://linkedin.com/in/marinamiranda1,573350508,Joey Moreau
"https://www.linkedin.com/sales/lead/ACwAAAAGhCABopA-6oV2GfbM2wBJzGwDua5ep_I,NAME_SEARCH,VCYp",Ronald Reijmers,Ronald,Reijmers,PUMA Group,VP Global Retail,165597,https://www.linkedin.com/sales/company/165597,https://www.linkedin.com/company/165597,"As the VP of Global Retail at PUMA Group, I bring extensive experience in retail, e-commerce, and omni-channel strategy. With a focus on strategic thinking and channel account management, I am dedicated to driving consumer excellence and profitability through innovative and customized plans that align with organizational goals.

Over the past two decades, I have worked across diverse global markets, refining my expertise in managing profit and loss and implementing consumer-focused strategies. My passion lies in empowering teams and organizations to achieve sustainable growth by crafting solutions that enhance customer experiences and optimize business outcomes.",,Retail,"Herzogenaurach, Bavaria, Germany","Laren, North Holland, Netherlands",11 months in role,11 months in company,Specialized Bicycle Components,https://www.linkedin.com/company/166083,EMEA Retail leader,05/2023-07/2024,1 year 2 months,1st,https://media.licdn.com/dms/image/v2/D4E03AQGckE2bQW9W_g/profile-displayphoto-crop_800_800/B4EZoVbUB0IMAQ-/0/1761296082315?e=1790208000&v=beta&t=Zb-Qvakw4ZloS2-IKXCYkr6vvUKBpf7r5Jq8QbfZ_k4,83,Ronald Reijmers,ACwAAAAGhCABopA-6oV2GfbM2wBJzGwDua5ep_I,https://www.linkedin.com/in/ACwAAAAGhCABopA-6oV2GfbM2wBJzGwDua5ep_I/,TRUE,FALSE,https://www.linkedin.com/sales/search/people?query=(spellCorrectionEnabled%3Atrue%2CrecentSearchParam%3A(id%3A4517364857%2CdoLogHistory%3Atrue)%2Cfilters%3AList((type%3ACONNECTION_OF%2Cvalues%3AList((id%3AACwAAAn2NDEBGumkSP-qxyxZk6BvpJETw5-rZ9I%2Ctext%3ADr.%2520Kauan%2520von%2520Novack%2CselectionType%3AINCLUDED)))%2C(type%3ARELATIONSHIP%2Cvalues%3AList((id%3AF%2Ctext%3A1st%2520degree%2520connections%2CselectionType%3AINCLUDED)%2C(id%3AS%2Ctext%3A2nd%2520degree%2520connections%2CselectionType%3AINCLUDED)))%2C(type%3AREGION%2Cvalues%3AList((id%3A102890719%2Ctext%3ANetherlands%2CselectionType%3AINCLUDED)%2C(id%3A100364837%2Ctext%3APortugal%2CselectionType%3AINCLUDED)%2C(id%3A106057199%2Ctext%3ABrazil%2CselectionType%3AINCLUDED)%2C(id%3A101282230%2Ctext%3AGermany%2CselectionType%3AINCLUDED)%2C(id%3A105646813%2Ctext%3ASpain%2CselectionType%3AINCLUDED)))%2C(type%3ACOMPANY_HEADCOUNT%2Cvalues%3AList((id%3AE%2Ctext%3A201-500%2CselectionType%3AINCLUDED)%2C(id%3AF%2Ctext%3A501-1000%2CselectionType%3AINCLUDED)%2C(id%3AG%2Ctext%3A1001-5000%2CselectionType%3AINCLUDED)%2C(id%3AH%2Ctext%3A5001-10%252C000%2CselectionType%3AINCLUDED)%2C(id%3AI%2Ctext%3A10%252C000%252B%2CselectionType%3AINCLUDED)))%2C(type%3ASENIORITY_LEVEL%2Cvalues%3AList((id%3A320%2Ctext%3AOwner%2520%252F%2520Partner%2CselectionType%3AINCLUDED)%2C(id%3A310%2Ctext%3ACXO%2CselectionType%3AINCLUDED)%2C(id%3A300%2Ctext%3AVice%2520President%2CselectionType%3AINCLUDED))))%2Ckeywords%3Afounder%2520OR%2520co-founder%2520OR%2520CEO%2520OR%2520chief%2520executive%2520officer%2520OR%2520owner%2520OR%2520managing%2520partner%2520OR%2520managing%2520director%2520OR%2520president%2520OR%2520group%2520CEO%2520OR%2520chief%2520operating%2520officer%2520OR%2520COO%2520OR%2520VP%2520operations%2520OR%2520operations%2520director%2520OR%2520operating%2520partner%2520OR%2520transformation%2520director%2520OR%2520VP%2520strategy%2520AND%2520%2522private%2520equity%2522%2520OR%2520%2522value%2520creation%2522%2520OR%2520P%2526L%2520OR%2520%2522multi-site%2522%2520OR%2520manufacturing%2520OR%2520%2522lean%2520six%2520sigma%2522%2520OR%2520turnaround%2520OR%2520%2522digital%2520transformation%2522)&sessionId=y1e6DeygSXibJUSAfZ9aLA%3D%3D&viewAllFilters=true,2026-09-06T17:12:58.754Z,https://linkedin.com/in/ronald-reijmers-168187,573350508,Joey Moreau
"https://www.linkedin.com/sales/lead/ACwAAAEmJRIBUykgai8k5iYjSWF0adwM-ZSCicE,NAME_SEARCH,fSfZ",João Teles,João,Teles,Surecomp,"Director, Business Development (Europe & Africa)",166207,https://www.linkedin.com/sales/company/166207,https://www.linkedin.com/company/166207,"Trade finance is not being digitized. It is being rebuilt as a platform economy.Professional with over 20 years of experience in Banking Solutions, Payments, Trade Finance, Corporate Banking and strategic market expansion, with a strong focus on Europe, Africa and Emerging markets.My experience spans Europe and Africa, working with banks, fintechs and platforms to deliver complex, multi-country initiatives in trade finance and financial infrastructure.I specialize in: → Scaling digital trade finance platforms → Navigating long-cycle, high-stakes enterprise sales → Building market presence in challenging and underpenetrated regionsBeyond deals, I am particularly focused on how trade is evolving: not as a set of products, but as ecosystems and platforms where value, data and financing converge.I’ve seen first-hand how markets like Africa require a fundamentally different approach ,  one that combines technology, trust, and execution on the ground.This is where I operate.Today, I work with banks and financial institutions to accelerate their transition into digital trade ecosystems , helping them move from legacy processes to scalable, platform-driven models.I also share perspectives on trade finance, digital transformation and market evolution through content and industry discussions.Always open to meaningful conversations on trade, platforms and growth.","•	Own full sales cycle for Trade Finance SaaS solutions across Europe and Africa
•	Closed €3M+ in new business within first 6 months, including 2 Tier 1 banks ( BBVA CIB GLOBAL)
•	Build and convert pipeline in greenfield and competitive markets
•	Engage directly with C-level stakeholders, driving strategic buying decisions
•	Position cloud-based platforms replacing legacy trade finance systems
•	Demonstrated measurable ROI: 30%+ operational efficiency gains for clients
•	Navigate legal, security, and data‑residency reviews; coordinate with product, pre‑sales, InfoSec, and delivery to de‑risk implementations.
•	Represent the company at industry forums; translate market signals into GTM focus and competitive positioning.
",Software Development,"North York, Ontario, Canada","Lisbon, Lisbon, Portugal",2 years 11 months in role,2 years 11 months in company,,,,,,2nd,https://media.licdn.com/dms/image/v2/D4E03AQEWZD-rr-83Mw/profile-displayphoto-crop_800_800/B4EZ878PfJJ0AI-/0/1783417077435?e=1790208000&v=beta&t=u5Z_qdvOG9AmkGsDzCh9BXG2-9ZPhViY7lBvhyXY8wg,12,João Teles,ACwAAAEmJRIBUykgai8k5iYjSWF0adwM-ZSCicE,https://www.linkedin.com/in/ACwAAAEmJRIBUykgai8k5iYjSWF0adwM-ZSCicE/,TRUE,FALSE,https://www.linkedin.com/sales/search/people?query=(spellCorrectionEnabled%3Atrue%2CrecentSearchParam%3A(id%3A4517364857%2CdoLogHistory%3Atrue)%2Cfilters%3AList((type%3ACONNECTION_OF%2Cvalues%3AList((id%3AACwAAAn2NDEBGumkSP-qxyxZk6BvpJETw5-rZ9I%2Ctext%3ADr.%2520Kauan%2520von%2520Novack%2CselectionType%3AINCLUDED)))%2C(type%3ARELATIONSHIP%2Cvalues%3AList((id%3AF%2Ctext%3A1st%2520degree%2520connections%2CselectionType%3AINCLUDED)%2C(id%3AS%2Ctext%3A2nd%2520degree%2520connections%2CselectionType%3AINCLUDED)))%2C(type%3AREGION%2Cvalues%3AList((id%3A102890719%2Ctext%3ANetherlands%2CselectionType%3AINCLUDED)%2C(id%3A100364837%2Ctext%3APortugal%2CselectionType%3AINCLUDED)%2C(id%3A106057199%2Ctext%3ABrazil%2CselectionType%3AINCLUDED)%2C(id%3A101282230%2Ctext%3AGermany%2CselectionType%3AINCLUDED)%2C(id%3A105646813%2Ctext%3ASpain%2CselectionType%3AINCLUDED)))%2C(type%3ACOMPANY_HEADCOUNT%2Cvalues%3AList((id%3AE%2Ctext%3A201-500%2CselectionType%3AINCLUDED)%2C(id%3AF%2Ctext%3A501-1000%2CselectionType%3AINCLUDED)%2C(id%3AG%2Ctext%3A1001-5000%2CselectionType%3AINCLUDED)%2C(id%3AH%2Ctext%3A5001-10%252C000%2CselectionType%3AINCLUDED)%2C(id%3AI%2Ctext%3A10%252C000%252B%2CselectionType%3AINCLUDED)))%2C(type%3ASENIORITY_LEVEL%2Cvalues%3AList((id%3A320%2Ctext%3AOwner%2520%252F%2520Partner%2CselectionType%3AINCLUDED)%2C(id%3A310%2Ctext%3ACXO%2CselectionType%3AINCLUDED)%2C(id%3A300%2Ctext%3AVice%2520President%2CselectionType%3AINCLUDED))))%2Ckeywords%3Afounder%2520OR%2520co-founder%2520OR%2520CEO%2520OR%2520chief%2520executive%2520officer%2520OR%2520owner%2520OR%2520managing%2520partner%2520OR%2520managing%2520director%2520OR%2520president%2520OR%2520group%2520CEO%2520OR%2520chief%2520operating%2520officer%2520OR%2520COO%2520OR%2520VP%2520operations%2520OR%2520operations%2520director%2520OR%2520operating%2520partner%2520OR%2520transformation%2520director%2520OR%2520VP%2520strategy%2520AND%2520%2522private%2520equity%2522%2520OR%2520%2522value%2520creation%2522%2520OR%2520P%2526L%2520OR%2520%2522multi-site%2522%2520OR%2520manufacturing%2520OR%2520%2522lean%2520six%2520sigma%2522%2520OR%2520turnaround%2520OR%2520%2522digital%2520transformation%2522)&sessionId=y1e6DeygSXibJUSAfZ9aLA%3D%3D&viewAllFilters=true,2026-09-06T17:12:58.754Z,https://linkedin.com/in/jo%C3%A3o-teles-86a5576,573350508,Joey Moreau
"https://www.linkedin.com/sales/lead/ACwAAAJZpmMBYGBT4W742yrt8_wkdqIqII37sKg,NAME_SEARCH,1YbN",Mike Rijkers,Mike,Rijkers,Cupola XS,Co-Founder,19120779,https://www.linkedin.com/sales/company/19120779,https://www.linkedin.com/company/19120779,"I studied Business Economics at university of applied sciences Inholland and Social Anthropology at the University of Amsterdam (MSc). While studying anthropology, I became particularly interested in the effect of new technologies and other innovations on society. Since then, I use these social science theories and methodologies to get a better understanding of the ideas of ambitious entrepreneur.

During my studies I worked at one of the world's leading property advisors Savills in Amsterdam as financial employee, as supervisor at contact center Bell Sell being responsible for the commercial performances of 100+ people teams and I founded my first company in recruiting call agents with Google Ads. While finishing my thesis in 2012, I started Identity Design & Brand Content Agency TAPE offering creative services to startups and scale-ups or other innovative SMEs. TAPE worked for innovative brands as Hooghoudt, Picnic, Continental and many startups. My main role in these projects was as a strategist. I abstracted the clients’ team insights, tested these and I delivered a clear well researched plan to move a brand forward. As a founding partner, I was responsible for the financial and operational affairs of the company.

Since 2015, TAPE became Present Your Startup’s creative partner. In these years I became working more and more with early-stage startups. I pushed them on market validation, developed many methods to prototype and test ideas in a quick way and always put them back to understandable financial overviews and persuasive pitch decks. In 2017, I left TAPE and got as partner in to Haarlemvalley. I initiated the rebranding of the consultancy company to Innovate Today that is emphasizing the decisiveness of the team and what they value most: the will to really make an impact.

With Innovate Today, I execute several public programs and research assignments from governments to stimulate entrepreneurship and sustainability. Examples are Present Your Startup (The Netherlands, Caribbean, NY), PIMNH (Investor readiness program of the province of North Holland) and MKB Digital Workspace (Ministry of Economic Affairs’ workspace in Amsterdam for SME’s to collaborate with students on challenges concerning digitalization). I stayed in the role I optimized in the last decade: get a better understanding about the potential and challenges of a business and translating their ideas in accessible, well-communicating and actionable solutions such as new products or prototypes, financial models, pitch decks and social impact reports.",,Real Estate,"Haarlem, North Holland, Netherlands","Amsterdam, North Holland, Netherlands",11 years 9 months in role,11 years 9 months in company,TAPE Creative Communications,https://www.linkedin.com/company/2654750,Founder & Strategist,08/2012-07/2018,5 years 11 months,1st,https://media.licdn.com/dms/image/v2/D4E03AQERY7wQdybGXw/profile-displayphoto-shrink_800_800/profile-displayphoto-shrink_800_800/0/1701244843274?e=1790208000&v=beta&t=xKKpcn7xaqwtjBBY0rBip7vCpJCvVJHndVRruW-W2RQ,500,Mike Rijkers,ACwAAAJZpmMBYGBT4W742yrt8_wkdqIqII37sKg,https://www.linkedin.com/in/ACwAAAJZpmMBYGBT4W742yrt8_wkdqIqII37sKg/,TRUE,FALSE,https://www.linkedin.com/sales/search/people?query=(spellCorrectionEnabled%3Atrue%2CrecentSearchParam%3A(id%3A4517364857%2CdoLogHistory%3Atrue)%2Cfilters%3AList((type%3ACONNECTION_OF%2Cvalues%3AList((id%3AACwAAAn2NDEBGumkSP-qxyxZk6BvpJETw5-rZ9I%2Ctext%3ADr.%2520Kauan%2520von%2520Novack%2CselectionType%3AINCLUDED)))%2C(type%3ARELATIONSHIP%2Cvalues%3AList((id%3AF%2Ctext%3A1st%2520degree%2520connections%2CselectionType%3AINCLUDED)%2C(id%3AS%2Ctext%3A2nd%2520degree%2520connections%2CselectionType%3AINCLUDED)))%2C(type%3AREGION%2Cvalues%3AList((id%3A102890719%2Ctext%3ANetherlands%2CselectionType%3AINCLUDED)%2C(id%3A100364837%2Ctext%3APortugal%2CselectionType%3AINCLUDED)%2C(id%3A106057199%2Ctext%3ABrazil%2CselectionType%3AINCLUDED)%2C(id%3A101282230%2Ctext%3AGermany%2CselectionType%3AINCLUDED)%2C(id%3A105646813%2Ctext%3ASpain%2CselectionType%3AINCLUDED)))%2C(type%3ACOMPANY_HEADCOUNT%2Cvalues%3AList((id%3AE%2Ctext%3A201-500%2CselectionType%3AINCLUDED)%2C(id%3AF%2Ctext%3A501-1000%2CselectionType%3AINCLUDED)%2C(id%3AG%2Ctext%3A1001-5000%2CselectionType%3AINCLUDED)%2C(id%3AH%2Ctext%3A5001-10%252C000%2CselectionType%3AINCLUDED)%2C(id%3AI%2Ctext%3A10%252C000%252B%2CselectionType%3AINCLUDED)))%2C(type%3ASENIORITY_LEVEL%2Cvalues%3AList((id%3A320%2Ctext%3AOwner%2520%252F%2520Partner%2CselectionType%3AINCLUDED)%2C(id%3A310%2Ctext%3ACXO%2CselectionType%3AINCLUDED)%2C(id%3A300%2Ctext%3AVice%2520President%2CselectionType%3AINCLUDED))))%2Ckeywords%3Afounder%2520OR%2520co-founder%2520OR%2520CEO%2520OR%2520chief%2520executive%2520officer%2520OR%2520owner%2520OR%2520managing%2520partner%2520OR%2520managing%2520director%2520OR%2520president%2520OR%2520group%2520CEO%2520OR%2520chief%2520operating%2520officer%2520OR%2520COO%2520OR%2520VP%2520operations%2520OR%2520operations%2520director%2520OR%2520operating%2520partner%2520OR%2520transformation%2520director%2520OR%2520VP%2520strategy%2520AND%2520%2522private%2520equity%2522%2520OR%2520%2522value%2520creation%2522%2520OR%2520P%2526L%2520OR%2520%2522multi-site%2522%2520OR%2520manufacturing%2520OR%2520%2522lean%2520six%2520sigma%2522%2520OR%2520turnaround%2520OR%2520%2522digital%2520transformation%2522)&sessionId=y1e6DeygSXibJUSAfZ9aLA%3D%3D&viewAllFilters=true,2026-09-06T17:12:58.754Z,https://linkedin.com/in/mikerijkers,573350508,Joey Moreau
"https://www.linkedin.com/sales/lead/ACwAAAAHZEUBfdf1o0Obyae61x819TMNuKPj_7w,NAME_SEARCH,dJ9r",Ton van der Weegen,Ton,van der Weegen,Horton International,"Country Manager, Managing Partner, Shareholder Horton Group International Ltd",16503,https://www.linkedin.com/sales/company/16503,https://www.linkedin.com/company/16503,"I help technology-driven organisations build leadership teams capable of scaling growth, navigating transformation and operating successfully in increasingly complex industrial and digital environments. For more than 25 years, I have worked internationally in executive search, partnering with start-ups, scale-ups, PE-backed ventures, family-owned businesses and mid-sized organisations. My focus is on identifying senior leaders who can accelerate growth, lead transformation and strengthen organisational performance in competitive markets. Over the years, my work has increasingly concentrated around sectors where technology, infrastructure and transformation converge, including industrial automation, machine vision, digital infrastructure, datacenters, cybersecurity, AI-enabled environments, industrial manufacturing and technology-driven business services. I have built a particularly strong track record within industrial automation, machine vision and AI-enabled industrial technologies, supporting organisations active in smart manufacturing, robotics, industrial imaging and digital infrastructure. A significant part of my work focuses on international commercial leadership roles within technology-driven organisations, particularly where companies are scaling internationally, entering new markets or undergoing transformation. Typical assignments include Commercial Directors, VP Sales, European Sales Directors, Sales Executives, Country Managers, Business Development Leaders and Managing Directors. In addition, I support clients in strengthening broader executive and management teams across Operations, Finance, HR, Supply Chain, Marketing, R&amp;D. and Technology functions. Recent assignments have included leadership searches within cybersecurity, datacenter infrastructure, industrial automation &amp; machine vision, RFID technologies, digital transformation consultancy and OEM-driven manufacturing environments.I operate at the intersection of executive search, market intelligence and leadership advisory, helping organisations navigate growth, transformation and leadership challenges in increasingly complex technology-driven markets.Clients value a pragmatic, commercially oriented approach and credible engagement with senior stakeholders in complex technology environments.Ton van der WeegenManaging PartnerHorton InternationalWTC Amsterdam Schiphol AirportSchiphol Boulevard 1271118 BG SchipholPhone: +31 (0)20 640 57 57Mobile: +31 (0)653 75 74 08vanderweegen@hortoninternational.comwww.hortoninternational.com","Executive search and leadership advisory focused on technology-driven industrial and digital transformation environments.

Supporting organisations across Europe in building leadership teams within industrial automation, machine vision, digital infrastructure, cybersecurity, AI-enabled environments and technology-driven manufacturing.

Key assignments include commercial, operational, technology and general management leadership roles, particularly within organisations undergoing transformation, international expansion or scaling phases.

Horton International is an established global executive search organisation founded in 1978, with an international presence across Europe, the Americas and Asia-Pacific. Depending on the assignment and market, we leverage both our own sector expertise and the broader international Horton network to support cross-border search activities, international market access and local market intelligence.

Our work combines executive search, market intelligence and leadership advisory, with a strong focus on long-term organisational impact and alignment between technology, operations and commercial execution.",Staffing and Recruiting,"Oxford, England, United Kingdom",Amsterdam Area,16 years 9 months in role,16 years 9 months in company,De Man & Partners,https://www.linkedin.com/company/372459,Managing Partner,05/2006-05/2010,4 years,1st,https://media.licdn.com/dms/image/v2/D4E03AQHleMixAOziWg/profile-displayphoto-shrink_800_800/profile-displayphoto-shrink_800_800/0/1691389293218?e=1790208000&v=beta&t=QoDOKvruFljkb3EFYnn5Gm71n4fqLjI2IcTkjKiIC7c,209,Ton van der Weegen,ACwAAAAHZEUBfdf1o0Obyae61x819TMNuKPj_7w,https://www.linkedin.com/in/ACwAAAAHZEUBfdf1o0Obyae61x819TMNuKPj_7w/,TRUE,FALSE,https://www.linkedin.com/sales/search/people?query=(spellCorrectionEnabled%3Atrue%2CrecentSearchParam%3A(id%3A4517364857%2CdoLogHistory%3Atrue)%2Cfilters%3AList((type%3ACONNECTION_OF%2Cvalues%3AList((id%3AACwAAAn2NDEBGumkSP-qxyxZk6BvpJETw5-rZ9I%2Ctext%3ADr.%2520Kauan%2520von%2520Novack%2CselectionType%3AINCLUDED)))%2C(type%3ARELATIONSHIP%2Cvalues%3AList((id%3AF%2Ctext%3A1st%2520degree%2520connections%2CselectionType%3AINCLUDED)%2C(id%3AS%2Ctext%3A2nd%2520degree%2520connections%2CselectionType%3AINCLUDED)))%2C(type%3AREGION%2Cvalues%3AList((id%3A102890719%2Ctext%3ANetherlands%2CselectionType%3AINCLUDED)%2C(id%3A100364837%2Ctext%3APortugal%2CselectionType%3AINCLUDED)%2C(id%3A106057199%2Ctext%3ABrazil%2CselectionType%3AINCLUDED)%2C(id%3A101282230%2Ctext%3AGermany%2CselectionType%3AINCLUDED)%2C(id%3A105646813%2Ctext%3ASpain%2CselectionType%3AINCLUDED)))%2C(type%3ACOMPANY_HEADCOUNT%2Cvalues%3AList((id%3AE%2Ctext%3A201-500%2CselectionType%3AINCLUDED)%2C(id%3AF%2Ctext%3A501-1000%2CselectionType%3AINCLUDED)%2C(id%3AG%2Ctext%3A1001-5000%2CselectionType%3AINCLUDED)%2C(id%3AH%2Ctext%3A5001-10%252C000%2CselectionType%3AINCLUDED)%2C(id%3AI%2Ctext%3A10%252C000%252B%2CselectionType%3AINCLUDED)))%2C(type%3ASENIORITY_LEVEL%2Cvalues%3AList((id%3A320%2Ctext%3AOwner%2520%252F%2520Partner%2CselectionType%3AINCLUDED)%2C(id%3A310%2Ctext%3ACXO%2CselectionType%3AINCLUDED)%2C(id%3A300%2Ctext%3AVice%2520President%2CselectionType%3AINCLUDED))))%2Ckeywords%3Afounder%2520OR%2520co-founder%2520OR%2520CEO%2520OR%2520chief%2520executive%2520officer%2520OR%2520owner%2520OR%2520managing%2520partner%2520OR%2520managing%2520director%2520OR%2520president%2520OR%2520group%2520CEO%2520OR%2520chief%2520operating%2520officer%2520OR%2520COO%2520OR%2520VP%2520operations%2520OR%2520operations%2520director%2520OR%2520operating%2520partner%2520OR%2520transformation%2520director%2520OR%2520VP%2520strategy%2520AND%2520%2522private%2520equity%2522%2520OR%2520%2522value%2520creation%2522%2520OR%2520P%2526L%2520OR%2520%2522multi-site%2522%2520OR%2520manufacturing%2520OR%2520%2522lean%2520six%2520sigma%2522%2520OR%2520turnaround%2520OR%2520%2522digital%2520transformation%2522)&sessionId=y1e6DeygSXibJUSAfZ9aLA%3D%3D&viewAllFilters=true,2026-09-06T17:12:58.754Z,https://linkedin.com/in/tonvanderweegen,573350508,Joey Moreau